Experiment,nan,nan,0.0,0.0,0.0,0.0,0.0,0.0,0.0,0.0,0.0,0.0,0.0,0.0,0.0,0.0,0.0,0.0,0.0,0.0,0.0,0.0,0.0,0.0,0.0,0.0,0.0,0.0,0.0,0.0,0.0,0.0,0.0,0.0,0.0,0.0,0.0,0.0,0.0,0.0,0.0,0.0,0.0,0.0,0.0,0.0,0.0,0.0,0.0,0.0,0.0,0.0,0.0,0.0,0.0,0.0,0.0,0.0,0.0,0.0,0.0,0.0,0.0,0.0,0.0,0.0,0.0,0.0,0.0,0.0,0.0,0.0,0.0,0.0,0.0,0.0,0.0,0.0,0.0,0.0,0.0,0.0,0.0,0.0,0.0,0.0,0.0,0.0,0.0,0.0,0.0,0.0,0.0,0.0,0.0,0.0,0.0,0.0,1.0,1.0,1.0,2.0,2.0,2.0,3.0,3.0,3.0,4.0,4.0,4.0,5.0,5.0,5.0,6.0,6.0,6.0,7.0,7.0,7.0,8.0,8.0,8.0,9.0,9.0,9.0,10.0,10.0,10.0,11.0,11.0,11.0,12.0,12.0,12.0,13.0,13.0,13.0,14.0,14.0,14.0,15.0,15.0,15.0,16.0,16.0,16.0,17.0,17.0,17.0,18.0,18.0,18.0,19.0,19.0,19.0,20.0,20.0,20.0,21.0,21.0,21.0,22.0,22.0,22.0,23.0,23.0,23.0,24.0,24.0,24.0,25.0,25.0,25.0,26.0,26.0,26.0,27.0,27.0,27.0,28.0,28.0,28.0,29.0,29.0,29.0,30.0,30.0,30.0,31.0,31.0,31.0,32.0,32.0,32.0,33.0,33.0,33.0,34.0,34.0,34.0,35.0,35.0,35.0,36.0,36.0,36.0,37.0,37.0,37.0,38.0,38.0,38.0,39.0,39.0,39.0,40.0,40.0,40.0,41.0,41.0,41.0,42.0,42.0,42.0,43.0,43.0,43.0,44.0,44.0,44.0,45.0,45.0,45.0,46.0,46.0,46.0,47.0,47.0,47.0,48.0,48.0,48.0,49.0,49.0,49.0,50.0,50.0,50.0,51.0,51.0,51.0,52.0,52.0,52.0,53.0,53.0,53.0,54.0,54.0,54.0,55.0,55.0,55.0,56.0,56.0,56.0,57.0,57.0,57.0,58.0,58.0,58.0,59.0,59.0,59.0,60.0,60.0,60.0,61.0,61.0,61.0,62.0,62.0,62.0,63.0,63.0,63.0,64.0,64.0,64.0,65.0,65.0,65.0,66.0,66.0,66.0,67.0,67.0,67.0,68.0,68.0,68.0,69.0,69.0,69.0,70.0,70.0,70.0,71.0,71.0,71.0,72.0,72.0,72.0,73.0,73.0,73.0,74.0,74.0,74.0,75.0,75.0,75.0,76.0,76.0,76.0,77.0,77.0,77.0,78.0,78.0,78.0,79.0,79.0,79.0,80.0,80.0,80.0,81.0,81.0,81.0,82.0,82.0,82.0,83.0,83.0,83.0,84.0,84.0,84.0,85.0,85.0,85.0,86.0,86.0,86.0,87.0,87.0,87.0,88.0,88.0,88.0,89.0,89.0,89.0,90.0,90.0,90.0,91.0,91.0,91.0,92.0,92.0,92.0,93.0,93.0,93.0,94.0,94.0,94.0,95.0,95.0,95.0,96.0,96.0,96.0
Cycle_N,temp_C,time_s,B1,B11,B13,B15,B17,B19,B21,B23,B3,B5,B7,B9,D1,D11,D13,D15,D17,D19,D21,D23,D3,D5,D7,D9,F1,F11,F13,F15,F17,F19,F21,F23,F3,F5,F7,F9,H1,H11,H13,H15,H17,H19,H21,H23,H3,H5,H7,H9,J1,J11,J13,J15,J17,J19,J21,J23,J3,J5,J7,J9,L1,L11,L13,L15,L17,L19,L21,L23,L3,L5,L7,L9,N1,N11,N13,N15,N17,N19,N21,N23,N3,N5,N7,N9,P1,P11,P13,P15,P17,P19,P21,P23,P3,P5,P7,P9,A1,A2,B2,A3,A4,B4,A5,A6,B6,A7,A8,B8,A10,A9,B10,A11,A12,B12,A13,A14,B14,A15,A16,B16,A17,A18,B18,A19,A20,B20,A21,A22,B22,A23,A24,B24,C1,C2,D2,C3,C4,D4,C5,C6,D6,C7,C8,D8,C10,C9,D10,C11,C12,D12,C13,C14,D14,C15,C16,D16,C17,C18,D18,C19,C20,D20,C21,C22,D22,C23,C24,D24,E1,E2,F2,E3,E4,F4,E5,E6,F6,E7,E8,F8,E10,E9,F10,E11,E12,F12,E13,E14,F14,E15,E16,F16,E17,E18,F18,E19,E20,F20,E21,E22,F22,E23,E24,F24,G1,G2,H2,G3,G4,H4,G5,G6,H6,G7,G8,H8,G10,G9,H10,G11,G12,H12,G13,G14,H14,G15,G16,H16,G17,G18,H18,G19,G20,H20,G21,G22,H22,G23,G24,H24,I1,I2,J2,I3,I4,J4,I5,I6,J6,I7,I8,J8,I10,I9,J10,I11,I12,J12,I13,I14,J14,I15,I16,J16,I17,I18,J18,I19,I20,J20,I21,I22,J22,I23,I24,J24,K1,K2,L2,K3,K4,L4,K5,K6,L6,K7,K8,L8,K10,K9,L10,K11,K12,L12,K13,K14,L14,K15,K16,L16,K17,K18,L18,K19,K20,L20,K21,K22,L22,K23,K24,L24,M1,M2,N2,M3,M4,N4,M5,M6,N6,M7,M8,N8,M10,M9,N10,M11,M12,N12,M13,M14,N14,M15,M16,N16,M17,M18,N18,M19,M20,N20,M21,M22,N22,M23,M24,N24,O1,O2,P2,O3,O4,P4,O5,O6,P6,O7,O8,P8,O10,O9,P10,O11,O12,P12,O13,O14,P14,O15,O16,P16,O17,O18,P18,O19,O20,P20,O21,O22,P22,O23,O24,P24
1,26.7,0.0,8,4,9,5,3,5,2,6,4,8,6,8,5,7,2,1,7,2,9,2,3,2,1,5,1.0,3.0,2.0,13.0,3.0,7.0,2.0,3.0,0.0,8.0,4.0,2.0,11.0,4.0,8.0,4.0,2.0,2.0,7.0,7.0,5.0,4.0,9.0,13.0,9.0,6.0,8.0,8.0,5.0,1.0,10.0,7.0,10.0,2.0,7.0,3.0,6.0,4.0,6.0,4.0,3.0,4.0,-1.0,5.0,1.0,3.0,4.0,4.0,1.0,6.0,6.0,7.0,11.0,3.0,2.0,6.0,3.0,4.0,0.0,6.0,4.0,7.0,2.0,1.0,4.0,3.0,5.0,-1.0,5.0,9.0,6.0,5.0,619,552,564,592,562,491,490,472,521,506,522,555,491,631,595,621,536,481,572,561,594,665,689,709,478,516,552,649,552,507,499,582,572,654,547,586,632,460,503,558,489,471,484,314,404,546,422,455,554,619,592,657,562,544,741,521,706,939,802,864,613,490,577,579,510,496,578,536,584,683,661,667,15535,11466,11594.0,4484,2819,2533.0,980.0,700.0,757.0,542.0,481.0,471.0,677.0,1197.0,756.0,654.0,519.0,586.0,682.0,645.0,691.0,764.0,625.0,734.0,1425.0,814.0,916.0,682.0,548.0,539.0,598.0,520.0,551.0,467.0,539.0,548.0,15992.0,13138.0,13341.0,13738.0,10370.0,10504.0,3924.0,2732.0,2540.0,900.0,630.0,685.0,5558.0,7680.0,4952.0,1413.0,1236.0,1102.0,799.0,696.0,729.0,766.0,701.0,698.0,13580.0,12304.0,12060.0,3862.0,2853.0,2587.0,958.0,711.0,713.0,623.0,558.0,554.0,15034.0,11777.0,12601.0,5179.0,3389.0,3377.0,925.0,717.0,794.0,490.0,426.0,530.0,1160.0,1253.0,1075.0,733.0,712.0,684.0,698.0,588.0,620.0,725.0,644.0,685.0,1840.0,1410.0,1375.0,736.0,580.0,581.0,565.0,535.0,538.0,619.0,550.0,558.0,15302.0,12753.0,13251.0,14382.0,11886.0,11878.0,5171.0,3902.0,3860.0,1135.0,926.0,936.0,7322.0,7972.0,6538.0,1691.0,1585.0,1508.0,1064.0,901.0,842.0,823.0,738.0,807.0,14268.0,12996.0,13749.0,3877.0,2956.0,3000.0,1155.0,869.0,878.0,718.0,640.0,630.0,4269.0,3656.0,3421.0,1071.0,695.0,727.0,706.0,539.0,585.0,636.0,434.0,587.0,761.0,1038.0,738.0,602.0,529.0,614.0,669.0,466.0,528.0,604.0,446.0,511.0,1668.0,1552.0,1363.0,698.0,586.0,621.0,560.0,496.0,508.0,607.0,504.0,549.0,15371.0,13335.0,13294.0,6846.0,4749.0,4878.0,1268.0,990.0,1007.0,522.0,447.0,503.0,2365.0,3146.0,2524.0,982.0,730.0,822.0,740.0,597.0,631.0,791.0,641.0,636.0,1059.0,924.0,957.0,689.0,538.0,541.0,584.0,499.0,575.0,619.0,510.0,560.0
2,26.7,143.787,10,5,7,4,8,9,7,6,8,6,4,2,-1,14,5,0,7,10,-1,8,3,2,1,4,1.0,0.0,7.0,8.0,2.0,7.0,2.0,7.0,4.0,3.0,8.0,6.0,3.0,3.0,9.0,4.0,7.0,1.0,4.0,3.0,3.0,-1.0,6.0,4.0,3.0,6.0,9.0,3.0,6.0,6.0,3.0,1.0,2.0,0.0,3.0,12.0,3.0,6.0,5.0,8.0,4.0,5.0,8.0,4.0,-1.0,7.0,7.0,5.0,10.0,1.0,1.0,4.0,3.0,4.0,7.0,5.0,5.0,9.0,5.0,4.0,9.0,8.0,2.0,5.0,8.0,8.0,5.0,6.0,3.0,2.0,2.0,5.0,608,566,526,632,537,525,440,500,483,563,463,509,475,568,638,677,553,548,647,569,653,678,619,664,567,497,562,663,598,545,518,508,631,633,561,596,572,409,441,552,440,475,505,326,412,495,450,439,552,584,619,667,476,602,717,560,674,924,769,850,497,594,534,614,494,494,539,524,562,738,686,636,14024,12381,12932.0,7210,5399,5367.0,1350.0,1030.0,1154.0,564.0,485.0,556.0,1150.0,1979.0,1322.0,799.0,619.0,700.0,665.0,604.0,618.0,726.0,600.0,710.0,2157.0,1458.0,1606.0,846.0,622.0,608.0,588.0,500.0,585.0,485.0,509.0,552.0,15621.0,12708.0,13195.0,14405.0,11403.0,12158.0,5874.0,4723.0,4381.0,1259.0,910.0,1022.0,10620.0,13709.0,10279.0,2331.0,2036.0,1984.0,926.0,778.0,772.0,719.0,650.0,650.0,13971.0,13240.0,13791.0,5982.0,4615.0,4300.0,1128.0,952.0,941.0,681.0,533.0,606.0,14877.0,12026.0,12932.0,7671.0,5632.0,5851.0,1252.0,1105.0,1129.0,541.0,450.0,567.0,1779.0,2026.0,1768.0,845.0,735.0,766.0,689.0,584.0,658.0,741.0,596.0,679.0,2738.0,2279.0,2328.0,766.0,668.0,665.0,616.0,471.0,545.0,564.0,508.0,578.0,14812.0,12570.0,13048.0,14334.0,12341.0,12762.0,7242.0,5898.0,5907.0,1487.0,1323.0,1228.0,11694.0,11990.0,11179.0,2732.0,2416.0,2365.0,1157.0,1024.0,946.0,793.0,679.0,749.0,14016.0,12943.0,13387.0,5345.0,4337.0,4529.0,1309.0,1091.0,893.0,686.0,638.0,612.0,5473.0,4828.0,4514.0,1125.0,852.0,832.0,653.0,527.0,570.0,675.0,520.0,575.0,966.0,1152.0,1005.0,543.0,562.0,585.0,685.0,491.0,537.0,663.0,445.0,513.0,2319.0,2181.0,1982.0,737.0,569.0,612.0,636.0,530.0,523.0,565.0,476.0,578.0,15153.0,13350.0,13189.0,8725.0,6501.0,6799.0,1583.0,1227.0,1259.0,535.0,495.0,548.0,4129.0,5024.0,3949.0,1289.0,886.0,1094.0,758.0,646.0,651.0,787.0,602.0,679.0,1543.0,1378.0,1430.0,542.0,524.0,579.0,621.0,491.0,503.0,582.0,492.0,515.0
3,26.6,287.425,7,4,8,4,3,7,11,4,3,9,6,7,4,4,3,6,6,4,2,11,5,6,5,5,17.0,2.0,2.0,3.0,1.0,5.0,4.0,7.0,9.0,3.0,13.0,9.0,6.0,6.0,1.0,12.0,10.0,5.0,9.0,4.0,5.0,2.0,6.0,6.0,3.0,6.0,6.0,11.0,3.0,9.0,5.0,1.0,6.0,2.0,5.0,9.0,6.0,4.0,10.0,5.0,9.0,2.0,4.0,5.0,12.0,2.0,0.0,8.0,4.0,2.0,7.0,5.0,11.0,10.0,6.0,6.0,7.0,0.0,1.0,3.0,10.0,5.0,2.0,6.0,5.0,2.0,2.0,7.0,8.0,10.0,5.0,4.0,522,528,534,631,528,493,453,428,493,524,451,526,521,546,583,615,526,567,613,525,679,670,637,711,543,507,489,539,484,536,480,531,581,570,583,521,560,437,500,557,455,494,489,367,432,465,420,450,589,497,602,670,482,540,718,497,697,963,684,886,488,516,516,605,496,500,563,543,581,600,623,698,13952,12605,13085.0,9469,7333,7603.0,1817.0,1490.0,1457.0,628.0,541.0,572.0,1720.0,2801.0,1885.0,947.0,676.0,784.0,775.0,631.0,642.0,790.0,578.0,740.0,3253.0,2160.0,2406.0,887.0,674.0,707.0,575.0,485.0,582.0,473.0,562.0,558.0,15397.0,12569.0,12798.0,14017.0,11745.0,11799.0,7442.0,6294.0,5902.0,1571.0,1151.0,1256.0,12861.0,16272.0,13316.0,3445.0,2938.0,2740.0,981.0,789.0,842.0,743.0,635.0,683.0,14005.0,12931.0,13572.0,7646.0,6178.0,6131.0,1431.0,1127.0,1008.0,657.0,590.0,603.0,14856.0,11930.0,12643.0,9768.0,7171.0,7328.0,1659.0,1340.0,1452.0,605.0,483.0,553.0,2612.0,2916.0,2591.0,1083.0,895.0,936.0,638.0,617.0,641.0,683.0,607.0,677.0,3824.0,3210.0,3285.0,930.0,678.0,728.0,637.0,485.0,564.0,533.0,521.0,517.0,14631.0,12395.0,12982.0,14039.0,12405.0,12737.0,8919.0,7225.0,7731.0,1915.0,1595.0,1667.0,13942.0,13869.0,13580.0,3710.0,3260.0,3133.0,1277.0,1042.0,1028.0,813.0,775.0,712.0,13902.0,12617.0,13542.0,6833.0,5541.0,5770.0,1479.0,1232.0,1268.0,652.0,643.0,603.0,6878.0,5784.0,5587.0,1235.0,1008.0,884.0,586.0,529.0,581.0,654.0,484.0,535.0,1104.0,1412.0,1086.0,580.0,561.0,561.0,690.0,486.0,515.0,593.0,465.0,581.0,3002.0,2736.0,2674.0,797.0,623.0,687.0,597.0,496.0,538.0,588.0,467.0,552.0,15051.0,13146.0,12814.0,10086.0,7904.0,8234.0,1854.0,1442.0,1610.0,585.0,532.0,520.0,5416.0,7046.0,5545.0,1585.0,1191.0,1318.0,739.0,651.0,694.0,710.0,582.0,634.0,2273.0,1973.0,2054.0,677.0,577.0,635.0,514.0,499.0,527.0,566.0,505.0,550.0
4,26.6,430.989,5,6,7,0,5,2,3,10,6,7,4,4,3,1,6,9,8,0,9,7,9,7,6,3,5.0,8.0,5.0,5.0,10.0,8.0,2.0,14.0,9.0,5.0,4.0,10.0,5.0,9.0,12.0,4.0,2.0,6.0,9.0,6.0,7.0,1.0,2.0,5.0,0.0,6.0,12.0,9.0,10.0,13.0,8.0,7.0,12.0,4.0,3.0,10.0,6.0,2.0,1.0,10.0,4.0,8.0,7.0,7.0,4.0,5.0,3.0,12.0,5.0,5.0,5.0,9.0,5.0,11.0,11.0,4.0,11.0,4.0,5.0,7.0,6.0,1.0,8.0,5.0,4.0,4.0,7.0,8.0,5.0,4.0,1.0,7.0,504,508,513,569,462,502,450,466,490,462,457,573,529,546,611,565,572,513,577,576,653,674,672,678,552,482,522,521,548,485,510,505,586,598,510,564,453,461,496,597,453,490,435,328,409,492,396,442,523,511,602,605,554,534,692,548,667,1005,747,802,443,483,514,576,505,520,528,553,589,616,649,730,13793,12433,12816.0,8889,8960,9221.0,2367.0,1799.0,1847.0,618.0,581.0,638.0,2305.0,3904.0,2577.0,1028.0,806.0,909.0,742.0,647.0,664.0,799.0,605.0,692.0,4046.0,2766.0,3261.0,999.0,816.0,814.0,604.0,544.0,566.0,468.0,532.0,558.0,15368.0,12100.0,12646.0,13936.0,11190.0,11933.0,8642.0,7480.0,7248.0,1855.0,1360.0,1484.0,13796.0,16873.0,14580.0,4352.0,3638.0,3414.0,1071.0,935.0,962.0,723.0,648.0,664.0,13729.0,13075.0,13487.0,8841.0,7497.0,7486.0,1457.0,1320.0,1327.0,642.0,570.0,641.0,14837.0,11769.0,12668.0,11170.0,8416.0,8859.0,1936.0,1743.0,1646.0,628.0,580.0,598.0,3340.0,3885.0,3366.0,1153.0,974.0,1053.0,691.0,641.0,678.0,727.0,638.0,742.0,4755.0,4001.0,4169.0,981.0,790.0,810.0,623.0,521.0,534.0,469.0,472.0,527.0,14428.0,12273.0,12829.0,13917.0,11908.0,12741.0,9816.0,8409.0,8834.0,2385.0,1956.0,1937.0,14542.0,14117.0,14948.0,4778.0,3987.0,3923.0,1283.0,1143.0,1156.0,827.0,735.0,740.0,13685.0,12411.0,13184.0,8178.0,6655.0,7160.0,1785.0,1357.0,1428.0,748.0,700.0,601.0,7632.0,6714.0,6767.0,1320.0,1083.0,1036.0,720.0,574.0,565.0,647.0,469.0,542.0,1353.0,1559.0,1293.0,633.0,565.0,554.0,629.0,495.0,516.0,613.0,456.0,542.0,3888.0,3625.0,3472.0,834.0,665.0,697.0,584.0,466.0,529.0,554.0,484.0,505.0,14998.0,12697.0,12908.0,11255.0,8661.0,9379.0,2130.0,1725.0,1887.0,638.0,583.0,613.0,6799.0,8707.0,7035.0,1922.0,1364.0,1546.0,811.0,664.0,758.0,724.0,590.0,661.0,2910.0,2685.0,2771.0,721.0,608.0,709.0,507.0,491.0,563.0,558.0,495.0,529.0
5,26.6,574.589,9,4,6,4,6,4,9,5,7,6,4,10,7,3,1,3,8,9,5,6,7,9,11,6,7.0,6.0,3.0,13.0,4.0,6.0,5.0,2.0,3.0,12.0,8.0,5.0,5.0,8.0,4.0,6.0,8.0,9.0,6.0,6.0,4.0,3.0,-1.0,10.0,5.0,4.0,5.0,5.0,10.0,5.0,3.0,8.0,8.0,1.0,9.0,10.0,4.0,6.0,5.0,10.0,13.0,1.0,6.0,3.0,9.0,8.0,6.0,2.0,6.0,11.0,9.0,7.0,12.0,8.0,4.0,6.0,8.0,8.0,6.0,9.0,4.0,8.0,5.0,8.0,7.0,0.0,5.0,4.0,4.0,10.0,1.0,1.0,557,549,477,541,459,510,455,434,487,487,472,507,504,486,618,610,511,514,636,564,639,602,689,615,502,469,523,513,506,514,492,521,531,615,523,563,509,456,445,585,434,450,446,308,429,466,432,471,599,520,524,665,514,551,718,558,713,941,754,806,521,487,532,573,474,569,597,539,585,626,623,657,13776,12397,12867.0,10443,9673,10487.0,2635.0,2302.0,2226.0,672.0,668.0,692.0,2873.0,4722.0,3204.0,1147.0,873.0,1034.0,663.0,675.0,654.0,720.0,600.0,671.0,5095.0,3575.0,4224.0,1039.0,889.0,851.0,581.0,518.0,557.0,490.0,534.0,533.0,15088.0,11935.0,12804.0,13811.0,11376.0,11629.0,9133.0,8236.0,8319.0,2113.0,1722.0,1849.0,14152.0,17303.0,15139.0,5255.0,4367.0,4107.0,1208.0,1005.0,984.0,677.0,699.0,674.0,13733.0,12788.0,13303.0,10010.0,8375.0,8759.0,1728.0,1568.0,1565.0,691.0,643.0,605.0,14486.0,11748.0,12610.0,12052.0,9388.0,9791.0,2339.0,1998.0,2067.0,661.0,666.0,648.0,4254.0,4585.0,4146.0,1380.0,1165.0,1229.0,698.0,585.0,670.0,692.0,626.0,687.0,5641.0,4961.0,5249.0,1113.0,874.0,948.0,585.0,468.0,517.0,511.0,443.0,561.0,14613.0,12287.0,12665.0,13882.0,12169.0,12458.0,10596.0,9250.0,9680.0,2664.0,2374.0,2548.0,14734.0,14344.0,14874.0,5451.0,4635.0,4627.0,1436.0,1196.0,1191.0,832.0,794.0,770.0,13786.0,12214.0,13347.0,9110.0,7714.0,8201.0,1939.0,1478.0,1568.0,768.0,707.0,730.0,8576.0,7340.0,7483.0,1571.0,1164.0,1161.0,676.0,559.0,565.0,683.0,458.0,590.0,1458.0,1629.0,1363.0,612.0,542.0,558.0,652.0,461.0,519.0,632.0,471.0,480.0,4440.0,4229.0,4115.0,882.0,733.0,817.0,588.0,486.0,571.0,547.0,437.0,582.0,14915.0,12845.0,13184.0,12097.0,9178.0,10313.0,2551.0,1980.0,2140.0,654.0,566.0,635.0,7867.0,9747.0,8006.0,1881.0,1690.0,1710.0,883.0,712.0,749.0,742.0,625.0,661.0,3759.0,3265.0,3502.0,710.0,727.0,718.0,505.0,525.0,581.0,546.0,485.0,543.0
6,26.6,718.153,1,10,9,6,11,11,6,3,4,7,7,10,10,3,7,6,6,5,10,4,13,11,10,10,8.0,12.0,2.0,5.0,19.0,11.0,2.0,4.0,5.0,3.0,17.0,7.0,7.0,7.0,10.0,6.0,1.0,2.0,7.0,3.0,6.0,7.0,10.0,11.0,5.0,6.0,5.0,10.0,6.0,4.0,9.0,6.0,9.0,17.0,2.0,5.0,8.0,7.0,12.0,6.0,11.0,6.0,2.0,4.0,11.0,11.0,11.0,9.0,9.0,7.0,5.0,11.0,6.0,7.0,8.0,11.0,8.0,6.0,3.0,3.0,13.0,1.0,9.0,18.0,6.0,9.0,8.0,5.0,5.0,11.0,8.0,5.0,509,562,426,582,513,519,403,442,474,463,469,585,520,525,597,605,554,523,583,562,633,612,583,622,583,489,536,483,483,521,495,524,479,449,544,570,511,472,499,537,432,431,413,375,412,442,429,441,552,561,633,625,503,604,724,562,637,939,746,821,468,494,550,604,460,549,556,509,515,613,648,695,13646,12239,12783.0,10922,10734,11294.0,3117.0,2566.0,2559.0,704.0,698.0,747.0,3435.0,5707.0,3829.0,1150.0,933.0,1296.0,759.0,646.0,653.0,805.0,596.0,685.0,6262.0,4405.0,5352.0,1275.0,1084.0,1005.0,592.0,545.0,553.0,497.0,475.0,550.0,15107.0,12167.0,12573.0,13898.0,11142.0,11734.0,9766.0,9028.0,9081.0,2419.0,1943.0,2054.0,13979.0,17213.0,15461.0,5861.0,5274.0,4976.0,1241.0,1104.0,1057.0,806.0,705.0,702.0,13547.0,12665.0,13385.0,11040.0,9425.0,9546.0,2010.0,1825.0,1806.0,813.0,597.0,660.0,14491.0,11539.0,12506.0,12272.0,9872.0,10358.0,2653.0,2326.0,2249.0,740.0,629.0,702.0,4915.0,5345.0,4873.0,1576.0,1327.0,1340.0,670.0,642.0,645.0,761.0,599.0,660.0,6787.0,6002.0,6368.0,1265.0,962.0,1082.0,642.0,503.0,557.0,501.0,513.0,527.0,14458.0,11871.0,12558.0,13619.0,11894.0,12483.0,11000.0,9715.0,10490.0,3149.0,2716.0,2773.0,14472.0,14295.0,15053.0,6386.0,5249.0,5140.0,1650.0,1361.0,1264.0,816.0,766.0,767.0,13624.0,12328.0,13235.0,10147.0,8372.0,8965.0,2246.0,1696.0,1785.0,830.0,701.0,678.0,9510.0,8115.0,8344.0,1629.0,1329.0,1309.0,682.0,582.0,587.0,675.0,451.0,587.0,1582.0,1841.0,1538.0,615.0,556.0,670.0,613.0,507.0,472.0,677.0,454.0,469.0,5306.0,4988.0,4786.0,1023.0,818.0,875.0,604.0,493.0,576.0,578.0,451.0,555.0,15039.0,12469.0,12807.0,12667.0,9657.0,10954.0,2831.0,2276.0,2420.0,667.0,655.0,649.0,8752.0,10973.0,8698.0,2130.0,1800.0,2020.0,939.0,806.0,798.0,723.0,586.0,685.0,4486.0,3931.0,4232.0,831.0,748.0,822.0,554.0,525.0,526.0,529.0,543.0,501.0
7,26.4,861.664,6,5,11,11,11,15,3,11,12,4,10,9,7,5,8,7,12,12,9,5,7,5,4,4,8.0,5.0,7.0,6.0,7.0,10.0,3.0,7.0,6.0,7.0,9.0,11.0,2.0,7.0,9.0,5.0,12.0,11.0,12.0,8.0,6.0,13.0,3.0,14.0,7.0,6.0,3.0,7.0,7.0,6.0,8.0,8.0,9.0,7.0,2.0,9.0,9.0,14.0,8.0,4.0,7.0,5.0,8.0,13.0,7.0,15.0,10.0,8.0,7.0,5.0,4.0,5.0,11.0,7.0,7.0,3.0,9.0,8.0,11.0,13.0,10.0,7.0,5.0,5.0,8.0,4.0,9.0,7.0,4.0,6.0,5.0,5.0,526,558,497,606,488,513,425,440,471,528,456,509,476,532,605,616,528,501,528,509,699,656,694,631,515,482,504,531,512,577,501,501,569,488,515,557,521,450,483,518,471,472,460,342,389,472,397,519,542,487,595,659,514,543,759,490,625,966,725,840,503,476,497,547,436,485,510,537,545,600,611,722,13705,12182,12630.0,11558,11156,11463.0,3505.0,2953.0,2930.0,726.0,718.0,777.0,4008.0,6621.0,4539.0,1329.0,1158.0,1419.0,777.0,688.0,686.0,771.0,527.0,710.0,7497.0,5199.0,6324.0,1297.0,1213.0,1156.0,599.0,550.0,612.0,490.0,512.0,602.0,15138.0,12083.0,12534.0,13860.0,11138.0,11491.0,10342.0,9317.0,9782.0,2781.0,2075.0,2428.0,14170.0,17144.0,15200.0,6579.0,5790.0,5317.0,1414.0,1144.0,1197.0,766.0,644.0,668.0,13490.0,12865.0,13025.0,11534.0,9991.0,10257.0,2271.0,2151.0,2078.0,817.0,701.0,729.0,14415.0,11509.0,12357.0,13043.0,10081.0,10706.0,2989.0,2520.0,2545.0,776.0,693.0,737.0,5673.0,6029.0,5579.0,1610.0,1527.0,1451.0,672.0,666.0,697.0,685.0,605.0,634.0,7832.0,6781.0,6925.0,1398.0,1133.0,1141.0,579.0,505.0,558.0,496.0,513.0,541.0,14475.0,12025.0,12573.0,13562.0,11899.0,12325.0,11153.0,9706.0,10785.0,3490.0,2912.0,3103.0,14388.0,14303.0,15108.0,7105.0,5850.0,5765.0,1657.0,1387.0,1406.0,909.0,763.0,736.0,13194.0,12271.0,12947.0,10983.0,8966.0,9688.0,2507.0,1952.0,1899.0,830.0,717.0,644.0,10123.0,8698.0,8881.0,1736.0,1491.0,1407.0,657.0,595.0,602.0,611.0,457.0,582.0,1746.0,1991.0,1596.0,631.0,557.0,615.0,638.0,505.0,516.0,621.0,459.0,572.0,5949.0,5435.0,5527.0,1069.0,852.0,870.0,538.0,462.0,565.0,546.0,464.0,542.0,14719.0,12676.0,12868.0,13091.0,10080.0,11279.0,3106.0,2498.0,2538.0,745.0,681.0,746.0,9449.0,12188.0,9754.0,2277.0,2008.0,2148.0,819.0,820.0,873.0,780.0,612.0,659.0,5218.0,4579.0,5056.0,838.0,867.0,820.0,567.0,520.0,573.0,585.0,462.0,501.0
8,26.5,1005.208,7,7,9,5,2,4,12,14,6,8,15,12,13,5,7,15,11,9,11,9,4,11,5,10,13.0,1.0,7.0,7.0,3.0,4.0,7.0,10.0,8.0,7.0,4.0,8.0,12.0,3.0,6.0,10.0,19.0,3.0,4.0,3.0,7.0,16.0,17.0,10.0,11.0,8.0,9.0,9.0,5.0,10.0,9.0,10.0,18.0,11.0,2.0,4.0,5.0,9.0,7.0,12.0,13.0,6.0,11.0,11.0,4.0,5.0,15.0,5.0,6.0,5.0,4.0,9.0,10.0,6.0,9.0,3.0,9.0,6.0,6.0,8.0,9.0,8.0,6.0,6.0,4.0,14.0,9.0,11.0,1.0,8.0,1.0,10.0,515,500,502,527,515,480,383,452,486,552,428,533,483,547,576,627,518,557,610,571,620,646,645,597,559,482,538,521,538,501,495,491,557,505,535,597,570,422,470,549,401,464,470,320,420,518,409,483,533,518,579,596,432,529,688,565,631,927,823,784,488,471,527,549,522,549,531,539,611,600,686,700,13690,12148,12981.0,11969,11553,12039.0,3977.0,3249.0,3244.0,856.0,731.0,836.0,4372.0,7144.0,4888.0,1439.0,1169.0,1512.0,805.0,711.0,716.0,699.0,623.0,735.0,8672.0,6091.0,7227.0,1524.0,1273.0,1299.0,634.0,539.0,574.0,486.0,528.0,554.0,14888.0,12063.0,12366.0,13723.0,11147.0,11584.0,10653.0,9703.0,10406.0,3176.0,2431.0,2609.0,14156.0,16844.0,15201.0,7286.0,6507.0,5672.0,1478.0,1210.0,1170.0,767.0,727.0,722.0,13544.0,12817.0,12983.0,12047.0,10414.0,11041.0,2614.0,2467.0,2404.0,769.0,680.0,719.0,14226.0,11505.0,12349.0,13132.0,10511.0,11288.0,3227.0,2816.0,2913.0,842.0,726.0,777.0,6386.0,6964.0,6138.0,1807.0,1779.0,1568.0,729.0,645.0,675.0,775.0,572.0,626.0,8531.0,7609.0,8041.0,1458.0,1229.0,1210.0,590.0,536.0,535.0,514.0,490.0,534.0,14352.0,11983.0,12372.0,13527.0,12030.0,12440.0,11400.0,10205.0,11108.0,3818.0,3365.0,3243.0,14356.0,13819.0,15133.0,7582.0,6165.0,6149.0,1753.0,1479.0,1475.0,884.0,751.0,782.0,13368.0,12133.0,12982.0,11356.0,9868.0,10275.0,2740.0,2136.0,2148.0,815.0,784.0,754.0,10753.0,9069.0,9418.0,1860.0,1520.0,1489.0,726.0,556.0,564.0,660.0,483.0,538.0,1828.0,2130.0,1705.0,567.0,595.0,595.0,643.0,496.0,488.0,567.0,451.0,513.0,6449.0,5984.0,6041.0,1100.0,959.0,931.0,532.0,518.0,551.0,561.0,442.0,523.0,14861.0,12574.0,12578.0,13356.0,10370.0,11602.0,3353.0,2766.0,2931.0,749.0,676.0,696.0,10236.0,12723.0,10641.0,2486.0,2192.0,2480.0,980.0,840.0,914.0,752.0,617.0,616.0,5823.0,5397.0,5727.0,956.0,946.0,990.0,504.0,526.0,561.0,515.0,477.0,565.0
9,26.6,1148.737,6,5,2,11,7,3,9,7,7,8,10,9,8,6,11,6,10,11,7,5,7,7,6,6,9.0,6.0,8.0,8.0,9.0,9.0,14.0,10.0,9.0,9.0,11.0,7.0,5.0,7.0,10.0,5.0,6.0,11.0,12.0,9.0,7.0,15.0,7.0,16.0,6.0,8.0,7.0,11.0,4.0,10.0,12.0,8.0,5.0,7.0,10.0,9.0,8.0,20.0,11.0,13.0,5.0,8.0,9.0,6.0,8.0,6.0,10.0,8.0,8.0,11.0,11.0,9.0,12.0,5.0,11.0,3.0,10.0,6.0,11.0,8.0,7.0,8.0,15.0,6.0,10.0,6.0,12.0,12.0,5.0,6.0,6.0,14.0,482,527,505,585,475,477,478,439,487,483,475,486,481,549,515,573,520,539,587,566,638,626,657,624,513,513,514,473,451,499,470,535,553,486,493,592,516,463,515,583,411,429,415,346,408,481,430,465,537,513,582,657,478,507,707,570,631,937,736,861,465,470,535,545,454,471,560,541,622,595,684,678,13378,12187,12576.0,12017,11587,12090.0,4243.0,3663.0,3651.0,840.0,809.0,879.0,4670.0,7852.0,5493.0,1581.0,1297.0,1680.0,714.0,710.0,663.0,731.0,561.0,721.0,9744.0,6901.0,8275.0,1738.0,1495.0,1477.0,575.0,554.0,650.0,474.0,503.0,563.0,15189.0,11694.0,12392.0,13735.0,11021.0,11333.0,10304.0,9971.0,10438.0,3296.0,2634.0,2926.0,13793.0,17080.0,15297.0,7707.0,6786.0,6387.0,1535.0,1309.0,1314.0,818.0,699.0,706.0,13510.0,12692.0,13133.0,12203.0,10600.0,11293.0,2863.0,2705.0,2775.0,926.0,726.0,768.0,14169.0,11337.0,12154.0,13280.0,10735.0,11186.0,3747.0,3123.0,3095.0,881.0,718.0,804.0,6654.0,7408.0,6746.0,2085.0,1763.0,1640.0,737.0,654.0,735.0,769.0,588.0,639.0,9719.0,8106.0,8579.0,1596.0,1386.0,1384.0,645.0,536.0,536.0,493.0,569.0,498.0,14426.0,11808.0,12452.0,13613.0,11783.0,12231.0,11869.0,10359.0,11480.0,4143.0,3565.0,3603.0,14525.0,13925.0,14928.0,8101.0,6829.0,6671.0,1914.0,1511.0,1502.0,938.0,753.0,761.0,13502.0,12180.0,12579.0,11967.0,10152.0,10881.0,3218.0,2479.0,2373.0,909.0,825.0,783.0,11538.0,9267.0,10030.0,1872.0,1595.0,1536.0,713.0,610.0,635.0,693.0,483.0,570.0,1822.0,2071.0,1714.0,660.0,543.0,650.0,633.0,470.0,525.0,606.0,406.0,552.0,6889.0,6428.0,6517.0,1204.0,1023.0,998.0,534.0,505.0,587.0,541.0,418.0,504.0,14689.0,12497.0,12357.0,13348.0,10624.0,11682.0,3588.0,2883.0,3276.0,778.0,735.0,691.0,10729.0,13777.0,11009.0,2674.0,2318.0,2725.0,893.0,858.0,859.0,750.0,636.0,615.0,6627.0,5955.0,6289.0,1030.0,957.0,1042.0,542.0,512.0,549.0,548.0,486.0,488.0
10,26.4,1292.363,10,8,5,15,6,6,8,7,9,6,7,10,6,9,5,16,13,10,11,4,7,20,9,10,13.0,12.0,6.0,8.0,18.0,14.0,6.0,11.0,8.0,9.0,7.0,12.0,23.0,7.0,6.0,12.0,7.0,5.0,9.0,7.0,7.0,16.0,10.0,7.0,7.0,12.0,7.0,9.0,9.0,8.0,7.0,6.0,12.0,16.0,13.0,8.0,6.0,9.0,15.0,9.0,11.0,6.0,5.0,6.0,14.0,10.0,14.0,9.0,14.0,10.0,8.0,8.0,12.0,10.0,13.0,13.0,8.0,9.0,6.0,7.0,9.0,6.0,7.0,4.0,23.0,6.0,5.0,17.0,7.0,9.0,12.0,8.0,523,509,492,582,479,514,435,426,467,462,422,540,467,530,551,628,468,483,605,539,633,682,598,623,513,492,556,496,493,465,436,502,572,540,547,572,503,473,507,576,414,455,476,304,404,483,427,478,532,486,598,604,525,541,638,546,645,956,759,830,520,486,525,539,483,554,578,490,586,592,615,671,13227,12169,12511.0,12340,11617,12155.0,4691.0,4028.0,3743.0,883.0,883.0,948.0,5240.0,8472.0,5851.0,1744.0,1407.0,1771.0,828.0,706.0,712.0,697.0,598.0,659.0,10682.0,7395.0,9071.0,1967.0,1681.0,1685.0,558.0,584.0,631.0,509.0,523.0,574.0,14925.0,11777.0,12297.0,13521.0,10933.0,11329.0,10770.0,10080.0,10697.0,3626.0,2748.0,3123.0,13971.0,16712.0,15221.0,8445.0,6810.0,6719.0,1653.0,1368.0,1282.0,782.0,702.0,702.0,13217.0,12628.0,12956.0,12694.0,11220.0,11354.0,3217.0,3103.0,2984.0,993.0,767.0,827.0,14080.0,11224.0,12148.0,13241.0,10632.0,10989.0,3926.0,3468.0,3482.0,934.0,763.0,869.0,7168.0,7764.0,7032.0,2127.0,1841.0,1896.0,786.0,668.0,726.0,738.0,634.0,627.0,10251.0,9046.0,9633.0,1747.0,1489.0,1552.0,652.0,538.0,511.0,518.0,506.0,543.0,14244.0,11880.0,12177.0,13653.0,11427.0,12234.0,11849.0,10478.0,11507.0,4422.0,4042.0,3786.0,14367.0,14036.0,14851.0,8655.0,6967.0,6846.0,2096.0,1646.0,1525.0,846.0,822.0,812.0,13364.0,11858.0,12858.0,12532.0,10501.0,11272.0,3426.0,2790.0,2692.0,934.0,860.0,827.0,12030.0,9869.0,10349.0,2018.0,1743.0,1617.0,698.0,557.0,633.0,660.0,433.0,515.0,1999.0,2212.0,1854.0,643.0,609.0,666.0,625.0,425.0,473.0,588.0,451.0,517.0,7591.0,6967.0,7075.0,1242.0,1015.0,1081.0,574.0,499.0,581.0,574.0,456.0,514.0,14643.0,12420.0,12714.0,13539.0,10835.0,11764.0,3729.0,3144.0,3305.0,841.0,699.0,707.0,11152.0,14115.0,11383.0,2819.0,2503.0,2911.0,961.0,895.0,878.0,769.0,649.0,687.0,7147.0,6733.0,6915.0,1101.0,1021.0,1096.0,544.0,566.0,615.0,486.0,515.0,492.0
11,26.5,1435.906,9,8,9,16,3,9,10,8,8,6,13,8,8,9,4,4,4,10,10,12,4,10,6,5,8.0,10.0,7.0,4.0,6.0,4.0,14.0,9.0,6.0,10.0,10.0,10.0,5.0,11.0,5.0,14.0,15.0,12.0,7.0,10.0,14.0,7.0,8.0,10.0,7.0,10.0,9.0,9.0,11.0,8.0,9.0,6.0,5.0,3.0,5.0,8.0,20.0,4.0,13.0,13.0,11.0,8.0,10.0,7.0,5.0,13.0,4.0,12.0,9.0,5.0,16.0,7.0,11.0,12.0,14.0,3.0,6.0,16.0,10.0,12.0,6.0,7.0,10.0,15.0,8.0,7.0,9.0,8.0,3.0,13.0,5.0,8.0,522,516,465,579,507,448,427,422,453,467,436,491,503,490,510,619,516,565,590,558,599,633,653,552,520,502,490,505,471,476,486,541,571,496,513,555,500,444,460,547,435,457,432,321,403,476,434,483,559,543,545,630,499,552,614,492,636,917,705,884,509,517,569,561,523,507,502,549,574,610,625,678,13462,12066,12299.0,12180,11801,12269.0,5148.0,4312.0,4145.0,988.0,950.0,1005.0,5665.0,8958.0,6301.0,1866.0,1593.0,1829.0,738.0,685.0,760.0,796.0,567.0,689.0,11330.0,8149.0,9690.0,2092.0,1871.0,1901.0,646.0,595.0,634.0,451.0,521.0,569.0,14773.0,12010.0,12360.0,13536.0,10741.0,11415.0,10770.0,9979.0,10889.0,4072.0,3031.0,3445.0,13937.0,16662.0,15198.0,8660.0,7211.0,7212.0,1746.0,1436.0,1347.0,819.0,725.0,666.0,13470.0,12420.0,12918.0,12874.0,11329.0,11461.0,3568.0,3355.0,3313.0,1029.0,909.0,817.0,14162.0,11235.0,12062.0,13808.0,10815.0,11317.0,4194.0,3673.0,3680.0,960.0,837.0,970.0,7669.0,8255.0,7419.0,2226.0,2032.0,1972.0,732.0,657.0,713.0,742.0,602.0,664.0,11052.0,9428.0,10123.0,2032.0,1608.0,1714.0,650.0,576.0,589.0,511.0,505.0,513.0,14124.0,11857.0,12411.0,13205.0,11770.0,11920.0,11754.0,10471.0,11717.0,4841.0,4216.0,4106.0,14224.0,14049.0,14317.0,9001.0,7443.0,7358.0,2062.0,1777.0,1671.0,931.0,708.0,837.0,13255.0,12046.0,12602.0,12639.0,11006.0,11703.0,3778.0,2911.0,2986.0,1009.0,927.0,832.0,12514.0,9880.0,10576.0,2185.0,1887.0,1708.0,791.0,606.0,573.0,635.0,457.0,543.0,2087.0,2490.0,1940.0,675.0,611.0,620.0,597.0,419.0,430.0,615.0,441.0,512.0,8112.0,7384.0,7465.0,1284.0,1104.0,1100.0,556.0,555.0,581.0,624.0,445.0,507.0,14685.0,12277.0,12596.0,13557.0,10511.0,11675.0,4051.0,3297.0,3462.0,899.0,745.0,767.0,11569.0,13335.0,11821.0,3077.0,2636.0,3014.0,996.0,966.0,983.0,777.0,657.0,727.0,7947.0,7334.0,7601.0,1108.0,1110.0,1233.0,524.0,478.0,586.0,513.0,514.0,499.0
12,26.5,1579.417,11,12,10,6,7,12,8,14,14,9,10,15,8,11,8,9,9,13,11,17,10,7,10,13,11.0,14.0,6.0,8.0,6.0,7.0,11.0,8.0,6.0,4.0,13.0,17.0,9.0,12.0,14.0,17.0,6.0,15.0,12.0,14.0,12.0,11.0,11.0,10.0,8.0,10.0,7.0,8.0,8.0,12.0,9.0,9.0,17.0,13.0,14.0,14.0,11.0,6.0,5.0,10.0,5.0,9.0,11.0,9.0,8.0,11.0,12.0,8.0,9.0,6.0,10.0,8.0,13.0,5.0,9.0,17.0,10.0,11.0,6.0,7.0,11.0,7.0,5.0,8.0,5.0,13.0,11.0,14.0,9.0,9.0,16.0,8.0,530,490,499,545,510,518,408,442,439,461,465,549,518,492,562,599,502,522,573,605,609,670,590,611,466,491,514,491,474,467,456,476,495,500,528,511,515,494,474,549,464,438,399,328,421,500,428,477,549,544,548,646,511,512,702,587,590,1010,740,829,493,503,484,561,433,491,567,487,561,594,677,632,13450,12010,12577.0,12276,11637,12213.0,5411.0,4627.0,4488.0,991.0,1022.0,1048.0,5975.0,9615.0,6758.0,1962.0,1670.0,2047.0,753.0,703.0,803.0,740.0,597.0,700.0,12270.0,8677.0,10647.0,2344.0,2017.0,2103.0,656.0,671.0,661.0,443.0,530.0,496.0,14735.0,11802.0,12116.0,13570.0,10894.0,11286.0,10758.0,10204.0,10876.0,4302.0,3262.0,3577.0,13720.0,16431.0,14841.0,9134.0,7518.0,7350.0,1855.0,1450.0,1510.0,774.0,726.0,745.0,13289.0,12181.0,12857.0,13078.0,11161.0,12021.0,3984.0,3924.0,3518.0,1004.0,913.0,923.0,14381.0,11190.0,12206.0,13519.0,10786.0,11436.0,4411.0,3841.0,3936.0,1016.0,883.0,929.0,8095.0,8756.0,7989.0,2451.0,2187.0,2000.0,788.0,703.0,729.0,755.0,591.0,619.0,11322.0,10023.0,10745.0,2086.0,1787.0,1810.0,675.0,661.0,626.0,445.0,497.0,553.0,14377.0,11681.0,12088.0,13552.0,11446.0,12226.0,11800.0,10599.0,11850.0,5216.0,4290.0,4542.0,13943.0,13890.0,14737.0,9316.0,7896.0,7578.0,2164.0,1797.0,1729.0,948.0,790.0,787.0,13080.0,11847.0,12839.0,12816.0,11029.0,11852.0,4000.0,3274.0,3292.0,1105.0,1024.0,927.0,12956.0,10215.0,11130.0,2374.0,1934.0,1878.0,761.0,629.0,662.0,617.0,444.0,509.0,2178.0,2561.0,2054.0,700.0,623.0,655.0,597.0,444.0,466.0,588.0,454.0,482.0,8598.0,7585.0,7988.0,1330.0,1193.0,1119.0,568.0,529.0,582.0,578.0,464.0,512.0,14745.0,12305.0,12511.0,13644.0,10714.0,12029.0,4233.0,3546.0,3807.0,975.0,783.0,816.0,11505.0,13999.0,12268.0,3292.0,2882.0,3219.0,1082.0,934.0,1036.0,782.0,581.0,673.0,8592.0,7653.0,8013.0,1261.0,1145.0,1274.0,535.0,513.0,601.0,554.0,503.0,497.0
13,26.5,1722.957,10,9,5,10,10,3,10,6,9,7,14,6,10,12,10,11,12,8,6,14,11,6,13,9,8.0,12.0,7.0,10.0,6.0,8.0,8.0,13.0,13.0,11.0,13.0,10.0,10.0,9.0,17.0,10.0,13.0,8.0,7.0,10.0,8.0,6.0,15.0,10.0,15.0,10.0,9.0,6.0,10.0,12.0,10.0,8.0,6.0,8.0,11.0,7.0,10.0,8.0,13.0,14.0,9.0,9.0,9.0,15.0,5.0,9.0,16.0,12.0,9.0,16.0,7.0,7.0,14.0,8.0,11.0,4.0,10.0,7.0,13.0,14.0,7.0,8.0,7.0,8.0,16.0,10.0,11.0,6.0,4.0,5.0,11.0,10.0,529,513,482,599,459,455,440,408,440,439,468,495,517,463,510,632,521,483,587,553,577,656,625,621,531,471,512,473,496,503,455,494,572,521,490,520,489,444,482,531,429,493,401,361,447,500,413,464,520,512,590,602,486,486,595,556,600,917,791,862,503,497,559,535,436,496,572,527,524,629,619,690,13667,11882,12466.0,12202,11689,12233.0,5659.0,4886.0,4891.0,1085.0,962.0,1013.0,6268.0,9999.0,7035.0,2074.0,1841.0,2123.0,782.0,693.0,716.0,819.0,560.0,735.0,12714.0,9445.0,10914.0,2587.0,2230.0,2246.0,616.0,635.0,675.0,521.0,488.0,535.0,13273.0,11810.0,11885.0,13204.0,10786.0,11318.0,10723.0,10313.0,11179.0,4530.0,3404.0,3832.0,13683.0,16628.0,14787.0,9426.0,7817.0,7512.0,1789.0,1516.0,1453.0,862.0,665.0,750.0,13371.0,12133.0,12632.0,12761.0,11287.0,11927.0,4278.0,4119.0,3989.0,1202.0,988.0,956.0,14201.0,11483.0,11860.0,13586.0,10918.0,11198.0,4638.0,4183.0,4291.0,1080.0,899.0,995.0,8401.0,9391.0,8249.0,2701.0,2246.0,2295.0,782.0,780.0,811.0,736.0,591.0,654.0,11973.0,10599.0,11383.0,1861.0,1897.0,1958.0,744.0,616.0,614.0,454.0,535.0,503.0,14061.0,11588.0,12236.0,13196.0,11506.0,12122.0,11658.0,10389.0,11820.0,5288.0,4589.0,4743.0,13957.0,13780.0,14507.0,9710.0,7739.0,7946.0,2248.0,1893.0,1765.0,912.0,792.0,766.0,13031.0,11599.0,12624.0,12856.0,11161.0,11731.0,4493.0,3646.0,3546.0,1067.0,999.0,955.0,13241.0,10249.0,11258.0,2280.0,2041.0,1822.0,750.0,564.0,671.0,599.0,431.0,540.0,2241.0,2668.0,2118.0,664.0,646.0,670.0,603.0,485.0,497.0,526.0,408.0,520.0,8758.0,7938.0,8185.0,1387.0,1165.0,1183.0,629.0,579.0,535.0,592.0,443.0,505.0,14453.0,12212.0,12332.0,13482.0,10871.0,11950.0,4540.0,3579.0,3952.0,970.0,814.0,898.0,11618.0,14043.0,12187.0,3385.0,2967.0,3370.0,1168.0,1123.0,1133.0,786.0,685.0,668.0,9041.0,8124.0,8543.0,1239.0,1285.0,1266.0,578.0,553.0,571.0,492.0,452.0,501.0
14,26.6,1866.664,22,12,9,14,9,8,8,7,11,10,6,7,12,11,8,11,8,9,7,11,9,10,12,10,7.0,13.0,7.0,7.0,12.0,8.0,7.0,10.0,7.0,9.0,11.0,11.0,11.0,11.0,10.0,10.0,17.0,12.0,10.0,10.0,11.0,13.0,10.0,6.0,8.0,9.0,10.0,13.0,12.0,12.0,14.0,13.0,11.0,10.0,10.0,13.0,13.0,6.0,5.0,10.0,14.0,14.0,7.0,10.0,10.0,11.0,10.0,7.0,7.0,15.0,11.0,13.0,14.0,8.0,12.0,12.0,16.0,7.0,12.0,5.0,7.0,10.0,7.0,7.0,6.0,15.0,9.0,12.0,10.0,12.0,8.0,14.0,509,522,492,562,458,463,372,419,493,472,405,500,489,518,583,569,528,541,584,581,568,667,589,612,522,446,491,507,535,494,451,478,539,507,503,564,517,441,518,589,403,465,387,296,430,487,409,486,536,582,568,635,426,552,552,567,632,914,757,833,479,506,514,559,494,505,542,501,575,606,624,654,13103,11624,12251.0,12265,11861,12005.0,5997.0,5000.0,5074.0,1118.0,1140.0,1098.0,6566.0,10565.0,7412.0,2231.0,1841.0,2235.0,756.0,699.0,765.0,762.0,542.0,701.0,13200.0,9570.0,11369.0,2772.0,2500.0,2486.0,679.0,646.0,654.0,508.0,520.0,548.0,13137.0,11772.0,12174.0,13460.0,10851.0,11398.0,10895.0,10187.0,11293.0,4769.0,3537.0,3940.0,13789.0,16431.0,14416.0,9999.0,8145.0,8146.0,1967.0,1641.0,1699.0,822.0,691.0,804.0,13231.0,12228.0,12501.0,12772.0,11295.0,11517.0,4621.0,4547.0,4262.0,1196.0,1097.0,1064.0,14189.0,11373.0,11962.0,13505.0,11010.0,11440.0,4856.0,4353.0,4351.0,1111.0,938.0,1028.0,8570.0,9457.0,8549.0,2723.0,2401.0,2342.0,807.0,696.0,744.0,742.0,577.0,565.0,12253.0,10636.0,11639.0,2189.0,2064.0,2200.0,703.0,619.0,677.0,500.0,531.0,534.0,13978.0,11577.0,12028.0,13234.0,11686.0,11863.0,11803.0,10239.0,11586.0,5609.0,4838.0,4923.0,13950.0,13651.0,14553.0,10085.0,8178.0,8081.0,2371.0,1915.0,1854.0,899.0,831.0,844.0,13100.0,11657.0,12334.0,12714.0,11087.0,11894.0,4770.0,3946.0,3899.0,1156.0,1086.0,1053.0,13518.0,10420.0,11452.0,2572.0,2136.0,1987.0,753.0,626.0,665.0,624.0,458.0,544.0,2254.0,2629.0,2191.0,675.0,640.0,587.0,641.0,461.0,492.0,604.0,459.0,503.0,9299.0,8410.0,8612.0,1498.0,1301.0,1190.0,569.0,499.0,555.0,558.0,422.0,532.0,14362.0,12293.0,12441.0,13628.0,10556.0,11865.0,4661.0,3869.0,4164.0,959.0,861.0,925.0,11993.0,14016.0,12383.0,3717.0,3086.0,3337.0,1176.0,1069.0,1203.0,789.0,655.0,652.0,9464.0,8690.0,8970.0,1350.0,1355.0,1420.0,574.0,588.0,603.0,513.0,476.0,499.0
15,26.5,2010.245,13,15,10,7,16,12,9,9,10,8,10,10,20,7,9,10,19,10,10,11,15,10,10,10,20.0,13.0,11.0,14.0,13.0,12.0,12.0,11.0,9.0,9.0,17.0,15.0,15.0,8.0,9.0,9.0,13.0,13.0,10.0,8.0,12.0,10.0,12.0,8.0,12.0,11.0,9.0,9.0,8.0,12.0,10.0,13.0,8.0,16.0,9.0,7.0,9.0,11.0,13.0,7.0,9.0,9.0,13.0,11.0,15.0,7.0,11.0,12.0,9.0,11.0,11.0,8.0,5.0,7.0,11.0,8.0,15.0,6.0,8.0,13.0,6.0,10.0,10.0,6.0,4.0,14.0,11.0,14.0,13.0,7.0,13.0,16.0,544,503,447,647,530,509,395,405,457,465,423,512,464,503,549,568,497,504,557,575,606,652,596,578,528,466,497,513,435,467,429,516,486,500,522,508,483,413,468,495,443,450,383,350,424,508,402,473,524,510,614,649,501,535,607,583,651,875,760,841,514,493,522,533,495,503,600,489,585,615,656,684,13267,11921,12400.0,12254,11985,12000.0,6279.0,5366.0,5378.0,1205.0,1073.0,1196.0,8538.0,10884.0,7567.0,2319.0,1881.0,2426.0,826.0,744.0,802.0,756.0,543.0,699.0,13573.0,9777.0,11889.0,3017.0,2699.0,2745.0,647.0,700.0,734.0,498.0,571.0,523.0,13658.0,11819.0,11913.0,13188.0,10868.0,11043.0,10719.0,10167.0,11060.0,4918.0,3773.0,4279.0,13624.0,16377.0,14810.0,10102.0,8363.0,8111.0,2096.0,1735.0,1602.0,788.0,751.0,728.0,13036.0,12197.0,12618.0,12669.0,11215.0,11855.0,4982.0,4901.0,4710.0,1248.0,1100.0,1114.0,14049.0,11236.0,11763.0,13347.0,10757.0,11290.0,5175.0,4624.0,4727.0,1184.0,990.0,982.0,8894.0,9620.0,8943.0,2977.0,2457.0,2471.0,807.0,722.0,739.0,683.0,630.0,647.0,12529.0,11031.0,11759.0,2287.0,2174.0,2250.0,778.0,622.0,666.0,488.0,478.0,523.0,14140.0,11575.0,12091.0,13215.0,11258.0,12169.0,11878.0,10429.0,11616.0,5894.0,5005.0,5167.0,13926.0,13523.0,14352.0,10164.0,8431.0,8325.0,2401.0,2118.0,1951.0,932.0,749.0,793.0,13068.0,11597.0,12691.0,13162.0,11313.0,11687.0,5194.0,4352.0,4102.0,1242.0,1180.0,1058.0,14139.0,10614.0,11632.0,2602.0,2176.0,2151.0,743.0,557.0,693.0,604.0,443.0,528.0,2383.0,2759.0,2142.0,700.0,662.0,607.0,637.0,435.0,515.0,533.0,435.0,579.0,9553.0,8588.0,8903.0,1634.0,1275.0,1276.0,645.0,598.0,670.0,530.0,439.0,512.0,14494.0,11990.0,12319.0,13147.0,10607.0,11777.0,5007.0,4062.0,4384.0,995.0,875.0,907.0,12252.0,14161.0,12461.0,3795.0,3317.0,3662.0,1208.0,1139.0,1199.0,747.0,666.0,701.0,9841.0,8943.0,9440.0,1451.0,1395.0,1429.0,518.0,502.0,620.0,469.0,489.0,483.0
16,26.6,2153.817,18,12,8,15,11,10,11,12,8,16,14,18,8,11,13,11,18,10,11,6,10,11,11,9,8.0,8.0,12.0,9.0,8.0,13.0,17.0,9.0,10.0,13.0,12.0,10.0,8.0,11.0,11.0,11.0,8.0,17.0,16.0,18.0,8.0,12.0,12.0,12.0,14.0,7.0,6.0,10.0,8.0,18.0,13.0,8.0,10.0,12.0,9.0,5.0,11.0,6.0,10.0,13.0,9.0,8.0,10.0,12.0,11.0,11.0,9.0,10.0,12.0,7.0,9.0,12.0,17.0,8.0,8.0,16.0,8.0,10.0,17.0,12.0,9.0,16.0,11.0,18.0,12.0,7.0,16.0,8.0,15.0,12.0,7.0,12.0,472,542,500,556,489,479,425,420,462,411,438,517,453,471,540,581,483,501,538,555,610,621,623,617,493,445,497,498,463,478,481,492,522,512,517,520,484,421,493,574,416,458,387,328,397,467,431,499,498,529,573,641,472,531,579,519,620,941,761,842,487,452,514,564,439,474,529,470,515,657,613,721,13181,12087,12317.0,12298,11769,12167.0,6584.0,5498.0,5690.0,1281.0,1164.0,1289.0,8769.0,11318.0,7828.0,2412.0,2102.0,2597.0,779.0,790.0,825.0,806.0,570.0,640.0,13770.0,10089.0,11951.0,3197.0,2970.0,3035.0,689.0,710.0,728.0,476.0,535.0,565.0,13302.0,11681.0,11914.0,13452.0,10702.0,11254.0,10563.0,10269.0,11111.0,5167.0,4033.0,4578.0,13658.0,16651.0,14571.0,10484.0,8547.0,8465.0,2045.0,1758.0,1647.0,784.0,715.0,733.0,12935.0,12264.0,12506.0,12722.0,11388.0,11993.0,5369.0,5180.0,5229.0,1326.0,1062.0,1145.0,14091.0,11304.0,11728.0,13424.0,10682.0,11146.0,5418.0,4774.0,4902.0,1143.0,1041.0,1138.0,9165.0,9912.0,9332.0,3083.0,2478.0,2554.0,859.0,755.0,801.0,652.0,638.0,640.0,12902.0,11279.0,11809.0,2413.0,2385.0,2502.0,752.0,635.0,694.0,508.0,543.0,462.0,14301.0,11609.0,12015.0,13084.0,11262.0,11703.0,11619.0,10305.0,11807.0,6071.0,5281.0,5547.0,13954.0,13697.0,14004.0,10443.0,8723.0,8578.0,2531.0,2091.0,2057.0,919.0,802.0,893.0,12878.0,11460.0,12260.0,13146.0,11086.0,11955.0,5719.0,4632.0,4627.0,1151.0,1260.0,1071.0,14148.0,10715.0,11922.0,2681.0,2253.0,2144.0,815.0,635.0,655.0,608.0,459.0,519.0,2485.0,2769.0,2268.0,627.0,630.0,609.0,603.0,406.0,481.0,551.0,433.0,469.0,9840.0,8729.0,9166.0,1587.0,1398.0,1256.0,597.0,550.0,582.0,493.0,454.0,522.0,14314.0,12104.0,12422.0,13500.0,10638.0,11806.0,5200.0,4143.0,4543.0,1037.0,870.0,921.0,12342.0,14402.0,12819.0,3732.0,3429.0,3888.0,1176.0,1170.0,1275.0,819.0,637.0,672.0,10158.0,9159.0,9708.0,1446.0,1484.0,1529.0,560.0,559.0,632.0,477.0,493.0,549.0
17,26.6,2297.494,13,12,8,9,5,13,16,15,15,13,13,8,11,13,17,12,7,11,14,11,10,9,9,11,14.0,10.0,11.0,14.0,9.0,18.0,7.0,15.0,12.0,12.0,14.0,11.0,12.0,15.0,11.0,13.0,7.0,16.0,15.0,13.0,10.0,11.0,14.0,14.0,13.0,13.0,16.0,13.0,13.0,14.0,10.0,12.0,8.0,15.0,7.0,13.0,6.0,6.0,11.0,10.0,13.0,12.0,16.0,9.0,11.0,13.0,8.0,10.0,11.0,13.0,16.0,8.0,10.0,14.0,15.0,12.0,10.0,13.0,7.0,8.0,20.0,10.0,19.0,12.0,12.0,10.0,17.0,17.0,8.0,8.0,13.0,15.0,541,503,450,541,464,505,375,409,467,392,428,490,457,499,580,625,450,515,598,541,562,603,554,620,478,504,516,476,445,474,482,457,541,504,506,520,447,431,457,509,405,445,396,378,422,450,476,500,521,531,551,649,468,553,603,561,576,984,745,877,461,510,538,517,449,492,563,508,545,641,633,626,13118,11788,12243.0,11772,11682,12069.0,6944.0,5848.0,5832.0,1260.0,1157.0,1378.0,9239.0,11293.0,8106.0,2548.0,2095.0,2661.0,803.0,788.0,846.0,750.0,582.0,651.0,14101.0,10121.0,12217.0,3353.0,3202.0,3273.0,732.0,746.0,683.0,519.0,510.0,538.0,13507.0,11497.0,12220.0,13102.0,10820.0,11079.0,10581.0,10045.0,10914.0,5362.0,4072.0,4768.0,13673.0,16423.0,14510.0,10483.0,8752.0,8749.0,2226.0,1817.0,1804.0,849.0,724.0,772.0,13134.0,11945.0,12501.0,12853.0,11145.0,11775.0,5626.0,5404.0,5358.0,1370.0,1300.0,1204.0,14051.0,11228.0,11735.0,13499.0,10872.0,11055.0,5618.0,4942.0,5209.0,1207.0,1055.0,1123.0,9426.0,10526.0,9617.0,3083.0,2778.0,2654.0,848.0,751.0,797.0,670.0,632.0,665.0,12765.0,11342.0,12118.0,2503.0,2504.0,2607.0,805.0,606.0,687.0,506.0,536.0,474.0,14060.0,11591.0,11975.0,13238.0,11253.0,11965.0,11766.0,10412.0,11564.0,6409.0,5299.0,5552.0,14054.0,13622.0,14411.0,10460.0,8543.0,8768.0,2724.0,2144.0,2035.0,991.0,803.0,808.0,12931.0,11635.0,12291.0,13398.0,11238.0,11917.0,6008.0,5053.0,4812.0,1228.0,1410.0,1159.0,14447.0,10898.0,11815.0,2671.0,2310.0,2228.0,751.0,639.0,638.0,616.0,420.0,517.0,2423.0,2895.0,2250.0,710.0,635.0,649.0,626.0,443.0,460.0,542.0,448.0,512.0,9937.0,8835.0,9270.0,1690.0,1466.0,1421.0,598.0,543.0,580.0,496.0,416.0,506.0,14167.0,12134.0,12075.0,13524.0,10504.0,11691.0,5348.0,4326.0,4699.0,1022.0,931.0,1061.0,12239.0,14579.0,13053.0,3987.0,3497.0,3939.0,1224.0,1203.0,1244.0,798.0,622.0,700.0,10727.0,9665.0,9802.0,1588.0,1521.0,1607.0,569.0,565.0,636.0,526.0,506.0,517.0
18,26.6,2441.132,9,9,12,6,9,15,17,12,16,10,12,16,12,14,12,11,9,11,11,12,13,8,14,13,10.0,11.0,9.0,9.0,15.0,13.0,16.0,12.0,13.0,16.0,11.0,8.0,13.0,14.0,12.0,10.0,14.0,16.0,13.0,10.0,8.0,8.0,7.0,10.0,15.0,10.0,17.0,7.0,17.0,12.0,12.0,8.0,10.0,8.0,19.0,10.0,16.0,10.0,11.0,15.0,11.0,11.0,16.0,6.0,19.0,13.0,8.0,14.0,10.0,10.0,9.0,16.0,11.0,14.0,19.0,5.0,8.0,12.0,7.0,13.0,12.0,11.0,13.0,12.0,13.0,13.0,16.0,14.0,12.0,9.0,18.0,13.0,491,513,465,565,475,524,431,415,461,414,470,480,460,475,541,553,485,538,557,537,574,689,595,586,490,481,516,459,491,459,478,464,555,499,515,521,455,451,449,515,428,465,368,374,429,454,468,502,523,544,562,613,496,522,660,507,654,920,777,830,500,505,518,584,457,500,540,511,542,636,639,693,13355,11728,11944.0,12012,11748,12153.0,7318.0,6049.0,6115.0,1400.0,1276.0,1357.0,9264.0,11924.0,8457.0,2656.0,2180.0,2813.0,820.0,786.0,780.0,740.0,552.0,692.0,13639.0,10423.0,12033.0,3782.0,3336.0,3392.0,691.0,720.0,755.0,535.0,563.0,562.0,13266.0,11422.0,12012.0,13373.0,10647.0,11067.0,10787.0,9988.0,10970.0,5687.0,4332.0,4852.0,13276.0,16403.0,14567.0,11000.0,9010.0,8972.0,2294.0,1891.0,1771.0,838.0,763.0,685.0,12836.0,12460.0,12408.0,12787.0,11449.0,12018.0,6130.0,5788.0,5854.0,1621.0,1350.0,1249.0,14083.0,11190.0,11798.0,13490.0,10686.0,11199.0,5805.0,5057.0,5288.0,1208.0,1139.0,1216.0,9803.0,10817.0,9751.0,3316.0,2769.0,2714.0,851.0,765.0,855.0,676.0,613.0,642.0,13061.0,11430.0,12089.0,2803.0,2776.0,2721.0,839.0,690.0,732.0,555.0,504.0,536.0,13822.0,11566.0,12305.0,13281.0,11103.0,12033.0,11833.0,10207.0,11688.0,6483.0,5579.0,6052.0,14035.0,13407.0,14398.0,10830.0,9217.0,9135.0,2851.0,2326.0,2119.0,948.0,857.0,898.0,12975.0,11712.0,12432.0,13020.0,11019.0,11749.0,6491.0,5250.0,5230.0,1247.0,1372.0,1274.0,14502.0,10971.0,12311.0,2841.0,2421.0,2278.0,807.0,641.0,708.0,631.0,509.0,535.0,2566.0,2924.0,2352.0,701.0,603.0,612.0,676.0,475.0,446.0,575.0,446.0,500.0,10427.0,9174.0,9791.0,1721.0,1452.0,1437.0,600.0,554.0,604.0,492.0,436.0,516.0,14508.0,12093.0,12203.0,13490.0,10463.0,11971.0,5610.0,4598.0,4866.0,1031.0,927.0,1039.0,12466.0,14573.0,13050.0,4219.0,3731.0,4143.0,1309.0,1262.0,1345.0,821.0,658.0,721.0,11073.0,9829.0,10323.0,1668.0,1587.0,1765.0,610.0,591.0,621.0,524.0,477.0,505.0
19,26.6,2584.838,10,8,9,9,19,15,6,14,16,10,12,17,11,12,14,11,14,13,7,12,6,15,16,8,11.0,16.0,10.0,16.0,9.0,9.0,9.0,12.0,13.0,8.0,19.0,13.0,13.0,12.0,11.0,10.0,8.0,9.0,15.0,12.0,12.0,7.0,9.0,10.0,17.0,16.0,10.0,16.0,11.0,12.0,12.0,13.0,9.0,9.0,13.0,11.0,14.0,11.0,10.0,18.0,11.0,9.0,16.0,15.0,15.0,11.0,18.0,11.0,10.0,13.0,6.0,12.0,6.0,12.0,13.0,7.0,17.0,17.0,9.0,12.0,16.0,18.0,7.0,17.0,12.0,10.0,10.0,12.0,10.0,13.0,14.0,13.0,493,526,524,608,491,483,400,368,460,479,421,478,492,529,598,617,552,495,603,540,548,586,557,589,493,490,540,476,467,507,464,489,551,454,534,511,510,432,432,549,440,460,362,388,444,463,467,474,515,491,567,597,469,535,639,513,618,933,742,795,429,519,476,537,494,497,502,493,554,632,582,720,13009,11798,12268.0,11946,11523,11978.0,7481.0,6144.0,6250.0,1385.0,1310.0,1427.0,9580.0,12241.0,8561.0,2693.0,2390.0,2862.0,854.0,771.0,869.0,801.0,556.0,691.0,14069.0,10426.0,12319.0,3907.0,3617.0,3650.0,784.0,757.0,811.0,488.0,534.0,593.0,13392.0,11605.0,11909.0,13143.0,10373.0,10716.0,10774.0,10060.0,11078.0,5853.0,4543.0,5089.0,13446.0,16428.0,14443.0,11150.0,9140.0,8936.0,2265.0,1854.0,1777.0,839.0,676.0,710.0,12803.0,12166.0,12520.0,12545.0,11580.0,11596.0,6451.0,6107.0,6180.0,1619.0,1388.0,1256.0,13887.0,11322.0,11712.0,13262.0,10928.0,11289.0,6004.0,5318.0,5499.0,1337.0,1172.0,1266.0,9967.0,10926.0,9951.0,3323.0,2961.0,2930.0,860.0,818.0,777.0,669.0,611.0,653.0,13048.0,11498.0,12370.0,2852.0,2762.0,2912.0,759.0,700.0,729.0,483.0,525.0,517.0,14232.0,11472.0,11989.0,13070.0,11313.0,11803.0,11720.0,10370.0,11682.0,6800.0,5747.0,6135.0,13980.0,13677.0,14442.0,11247.0,9126.0,9320.0,2823.0,2346.0,2074.0,937.0,892.0,867.0,12821.0,11556.0,12294.0,13084.0,11121.0,12047.0,6751.0,5565.0,5474.0,1306.0,1402.0,1282.0,14878.0,11075.0,12362.0,2901.0,2529.0,2402.0,786.0,646.0,700.0,673.0,448.0,529.0,2734.0,3010.0,2497.0,724.0,625.0,665.0,586.0,440.0,563.0,576.0,418.0,535.0,10692.0,9228.0,9709.0,1796.0,1492.0,1518.0,602.0,577.0,642.0,469.0,465.0,520.0,14243.0,11967.0,12311.0,13606.0,10748.0,11861.0,5691.0,4688.0,5106.0,1111.0,962.0,1128.0,12617.0,14428.0,13090.0,4345.0,3765.0,4179.0,1338.0,1279.0,1372.0,804.0,646.0,683.0,11101.0,10050.0,10457.0,1708.0,1655.0,1737.0,584.0,547.0,668.0,489.0,500.0,497.0
20,26.5,2728.591,9,7,9,14,15,11,12,9,8,10,14,15,19,16,7,13,12,9,16,20,14,16,10,8,13.0,10.0,11.0,11.0,11.0,17.0,14.0,8.0,8.0,12.0,11.0,14.0,13.0,14.0,15.0,12.0,20.0,12.0,14.0,14.0,13.0,11.0,11.0,9.0,10.0,9.0,15.0,10.0,10.0,17.0,11.0,13.0,14.0,10.0,13.0,11.0,12.0,18.0,11.0,10.0,12.0,15.0,19.0,10.0,11.0,11.0,12.0,19.0,14.0,14.0,18.0,12.0,14.0,9.0,20.0,11.0,8.0,10.0,14.0,6.0,15.0,10.0,14.0,13.0,8.0,11.0,11.0,9.0,9.0,16.0,16.0,12.0,516,503,484,572,521,455,406,437,432,442,369,487,478,495,553,544,535,510,562,575,627,636,574,558,503,456,543,461,447,469,463,432,575,490,503,564,489,429,486,526,409,498,366,360,428,508,455,486,527,464,548,635,493,521,619,523,625,1021,775,870,460,457,555,566,476,467,544,488,545,616,643,660,13176,11617,11974.0,11731,11352,12068.0,7514.0,6420.0,6549.0,1442.0,1267.0,1460.0,9837.0,12500.0,9131.0,2747.0,2515.0,3040.0,861.0,840.0,829.0,760.0,556.0,664.0,13882.0,10427.0,12283.0,4203.0,3886.0,3897.0,783.0,773.0,810.0,514.0,564.0,584.0,13232.0,11463.0,11895.0,13049.0,10500.0,11073.0,10779.0,10277.0,11150.0,6078.0,4559.0,5160.0,13501.0,16508.0,14622.0,11294.0,9312.0,9235.0,2380.0,1991.0,1818.0,837.0,697.0,697.0,13063.0,11861.0,12547.0,12884.0,11386.0,11757.0,6889.0,6497.0,6500.0,1709.0,1494.0,1357.0,13914.0,11134.0,11645.0,13289.0,10780.0,11311.0,6261.0,5472.0,5849.0,1453.0,1213.0,1283.0,10025.0,10987.0,10134.0,3581.0,2967.0,3078.0,894.0,834.0,816.0,704.0,619.0,666.0,12932.0,11692.0,12141.0,3121.0,3110.0,3029.0,840.0,681.0,744.0,539.0,528.0,535.0,14058.0,11378.0,12036.0,13188.0,11457.0,11700.0,11656.0,10362.0,11482.0,6804.0,5979.0,6326.0,13565.0,13606.0,14266.0,11208.0,9225.0,9391.0,2896.0,2382.0,2267.0,969.0,898.0,858.0,12695.0,11686.0,12238.0,13185.0,11059.0,11986.0,7408.0,6037.0,5947.0,1385.0,1558.0,1398.0,14893.0,10917.0,12393.0,2990.0,2581.0,2526.0,823.0,643.0,683.0,645.0,442.0,515.0,2614.0,3056.0,2523.0,725.0,660.0,634.0,616.0,467.0,498.0,555.0,450.0,527.0,11005.0,9499.0,9968.0,1889.0,1644.0,1523.0,621.0,534.0,655.0,462.0,396.0,503.0,14498.0,11881.0,12084.0,13239.0,10522.0,11724.0,5826.0,4802.0,5305.0,1143.0,999.0,1087.0,12659.0,14844.0,12892.0,4380.0,3926.0,4389.0,1369.0,1336.0,1359.0,769.0,674.0,722.0,11440.0,10332.0,10532.0,1797.0,1732.0,1737.0,578.0,657.0,646.0,515.0,455.0,478.0
21,26.6,2872.361,13,6,12,14,15,13,12,6,12,13,17,10,15,15,14,10,10,9,16,9,15,10,19,11,8.0,14.0,15.0,20.0,19.0,12.0,11.0,14.0,11.0,11.0,8.0,14.0,9.0,20.0,11.0,11.0,15.0,15.0,12.0,13.0,18.0,14.0,11.0,11.0,11.0,12.0,12.0,15.0,10.0,9.0,12.0,15.0,13.0,15.0,15.0,10.0,11.0,10.0,13.0,18.0,12.0,9.0,8.0,12.0,14.0,23.0,14.0,15.0,8.0,13.0,9.0,10.0,6.0,11.0,13.0,13.0,8.0,20.0,14.0,10.0,16.0,15.0,11.0,18.0,16.0,16.0,17.0,14.0,13.0,7.0,14.0,15.0,480,475,471,561,483,511,398,364,435,412,416,465,518,511,578,568,494,563,536,561,574,636,621,559,497,530,513,495,439,526,483,520,525,456,520,544,483,450,450,550,428,446,368,376,414,526,470,425,509,470,587,627,457,527,619,545,592,976,752,808,457,457,521,508,472,482,538,504,521,604,635,735,12784,11512,12372.0,12061,11406,11882.0,7945.0,6669.0,6740.0,1524.0,1356.0,1466.0,10170.0,12548.0,9276.0,2885.0,2554.0,3147.0,886.0,774.0,834.0,792.0,599.0,653.0,14159.0,10545.0,12316.0,4681.0,4119.0,4152.0,904.0,767.0,788.0,468.0,516.0,596.0,12960.0,11326.0,11788.0,12967.0,10406.0,10996.0,10646.0,9950.0,11074.0,6254.0,4762.0,5644.0,13277.0,16336.0,14223.0,11424.0,9398.0,9436.0,2531.0,2136.0,1972.0,889.0,707.0,759.0,13182.0,11883.0,12462.0,12781.0,11271.0,11727.0,6905.0,7001.0,6896.0,1751.0,1565.0,1557.0,14008.0,10866.0,11444.0,13378.0,10769.0,11508.0,6398.0,5506.0,5858.0,1353.0,1231.0,1331.0,10295.0,11281.0,10324.0,3556.0,3125.0,3195.0,954.0,816.0,860.0,682.0,653.0,614.0,13261.0,11593.0,12209.0,3215.0,3134.0,3301.0,839.0,735.0,768.0,509.0,548.0,558.0,13864.0,11236.0,11895.0,13322.0,11056.0,11637.0,11547.0,10146.0,11680.0,7333.0,6197.0,6410.0,13774.0,13609.0,14144.0,11831.0,9846.0,9649.0,2951.0,2487.0,2228.0,940.0,865.0,866.0,12662.0,11483.0,12202.0,13134.0,11218.0,11834.0,7753.0,6429.0,6360.0,1529.0,1606.0,1436.0,15074.0,10755.0,12668.0,3064.0,2564.0,2423.0,784.0,648.0,703.0,626.0,443.0,561.0,2740.0,3188.0,2570.0,737.0,587.0,668.0,631.0,409.0,451.0,579.0,444.0,502.0,11303.0,9693.0,10172.0,1878.0,1610.0,1537.0,682.0,594.0,605.0,456.0,434.0,458.0,14425.0,11879.0,11993.0,13524.0,10609.0,11733.0,6075.0,5017.0,5319.0,1136.0,1068.0,1110.0,12738.0,14777.0,12971.0,4655.0,3982.0,4551.0,1420.0,1338.0,1444.0,841.0,688.0,655.0,11538.0,10302.0,10736.0,1819.0,1847.0,1917.0,616.0,550.0,647.0,500.0,512.0,507.0
22,26.6,3015.929,13,11,12,23,14,15,19,12,10,16,8,10,13,9,18,9,17,15,17,12,11,10,10,11,12.0,13.0,9.0,14.0,17.0,21.0,12.0,15.0,9.0,15.0,17.0,8.0,16.0,16.0,13.0,11.0,11.0,12.0,13.0,13.0,11.0,9.0,17.0,9.0,21.0,17.0,19.0,16.0,11.0,12.0,9.0,10.0,13.0,16.0,7.0,14.0,13.0,17.0,17.0,14.0,15.0,14.0,10.0,16.0,9.0,11.0,12.0,11.0,27.0,17.0,17.0,14.0,18.0,19.0,9.0,11.0,16.0,17.0,10.0,12.0,11.0,9.0,11.0,11.0,13.0,5.0,14.0,12.0,11.0,22.0,11.0,13.0,502,588,494,544,523,497,390,402,498,403,435,510,429,487,534,589,485,546,567,562,604,657,603,548,528,482,495,452,435,474,438,498,471,460,491,547,483,491,430,545,402,409,418,389,443,427,464,443,487,475,552,614,469,497,582,544,606,956,764,851,465,429,503,591,469,471,556,485,519,684,623,659,12911,11598,11971.0,11937,11413,12065.0,8242.0,6630.0,6972.0,1571.0,1476.0,1515.0,10353.0,12857.0,9452.0,3120.0,2541.0,3131.0,860.0,853.0,851.0,755.0,625.0,697.0,14444.0,10557.0,12078.0,4745.0,4304.0,4395.0,906.0,843.0,833.0,479.0,542.0,560.0,13319.0,11521.0,11636.0,13239.0,10408.0,10816.0,10674.0,10117.0,10928.0,6431.0,5205.0,5768.0,13214.0,16325.0,14401.0,11646.0,9560.0,9659.0,2542.0,2077.0,2093.0,843.0,808.0,733.0,12674.0,12077.0,12615.0,12740.0,11225.0,11677.0,7251.0,7393.0,7282.0,1928.0,1641.0,1554.0,14354.0,10991.0,11546.0,13113.0,10884.0,11256.0,6523.0,5895.0,6122.0,1442.0,1282.0,1338.0,10602.0,11573.0,10510.0,3789.0,3110.0,3273.0,878.0,887.0,857.0,673.0,591.0,616.0,13417.0,11627.0,12051.0,3566.0,3432.0,3366.0,819.0,731.0,806.0,457.0,476.0,575.0,13905.0,11340.0,11734.0,13071.0,11085.0,11744.0,11695.0,10211.0,11753.0,7284.0,6411.0,6915.0,13788.0,13321.0,14243.0,11766.0,9589.0,9673.0,3156.0,2555.0,2383.0,994.0,877.0,942.0,12825.0,11643.0,12314.0,12963.0,11110.0,11821.0,8076.0,6675.0,6707.0,1529.0,1625.0,1548.0,15340.0,11028.0,12439.0,3109.0,2751.0,2593.0,701.0,683.0,624.0,625.0,450.0,508.0,2724.0,3200.0,2586.0,754.0,697.0,631.0,583.0,397.0,469.0,582.0,416.0,485.0,11342.0,9905.0,10371.0,1955.0,1564.0,1648.0,661.0,550.0,594.0,466.0,449.0,484.0,14256.0,11755.0,11935.0,13305.0,10717.0,11678.0,6197.0,5064.0,5643.0,1229.0,1039.0,1130.0,12566.0,14896.0,13315.0,4639.0,4166.0,4793.0,1483.0,1488.0,1477.0,860.0,682.0,688.0,11731.0,10532.0,10920.0,1919.0,1792.0,1986.0,594.0,635.0,636.0,521.0,491.0,475.0
23,26.6,3159.609,18,13,12,10,7,17,12,17,18,11,19,16,27,11,12,12,13,18,8,10,14,15,17,13,9.0,13.0,11.0,18.0,13.0,13.0,12.0,16.0,13.0,10.0,10.0,13.0,15.0,13.0,13.0,5.0,8.0,14.0,16.0,12.0,12.0,10.0,9.0,14.0,15.0,11.0,16.0,14.0,8.0,8.0,10.0,13.0,18.0,12.0,8.0,10.0,14.0,11.0,13.0,11.0,12.0,11.0,10.0,16.0,11.0,20.0,13.0,14.0,7.0,12.0,13.0,11.0,17.0,19.0,13.0,13.0,19.0,20.0,14.0,14.0,12.0,12.0,13.0,18.0,13.0,12.0,11.0,16.0,13.0,11.0,11.0,14.0,526,523,502,557,520,476,380,418,463,421,425,473,472,493,522,668,475,497,616,587,618,622,544,566,465,500,502,474,487,545,427,447,532,499,518,586,442,442,477,533,449,413,363,415,437,522,509,461,512,484,515,655,452,530,605,526,626,919,759,810,429,536,509,599,474,519,531,498,512,596,626,682,12999,11381,11782.0,11779,11479,11905.0,8167.0,6927.0,7285.0,1590.0,1462.0,1616.0,10348.0,13027.0,9601.0,3074.0,2736.0,3344.0,887.0,889.0,866.0,706.0,586.0,685.0,13846.0,10507.0,12257.0,5035.0,4587.0,4640.0,812.0,909.0,878.0,562.0,530.0,575.0,13273.0,11587.0,11893.0,13129.0,10269.0,10998.0,10600.0,10218.0,11544.0,6588.0,5126.0,5804.0,13226.0,16339.0,14461.0,11911.0,9863.0,9877.0,2640.0,2222.0,2088.0,873.0,761.0,793.0,12752.0,11847.0,12406.0,12585.0,11253.0,11565.0,7584.0,7540.0,7577.0,1983.0,1743.0,1590.0,13968.0,11239.0,11661.0,12866.0,10653.0,11194.0,6779.0,5998.0,6181.0,1489.0,1340.0,1356.0,10509.0,11514.0,10759.0,3981.0,3383.0,3287.0,980.0,815.0,849.0,605.0,622.0,660.0,13192.0,11680.0,12502.0,3610.0,3683.0,3827.0,909.0,766.0,787.0,462.0,535.0,533.0,14055.0,11493.0,11955.0,13162.0,11165.0,11602.0,11502.0,10522.0,11487.0,7524.0,6472.0,6923.0,13615.0,13208.0,13860.0,11978.0,10015.0,10124.0,3200.0,2648.0,2444.0,1015.0,857.0,858.0,12859.0,11611.0,12150.0,12892.0,11066.0,11772.0,8565.0,6951.0,6795.0,1664.0,1773.0,1581.0,15733.0,11073.0,12836.0,3236.0,2821.0,2610.0,864.0,706.0,710.0,614.0,439.0,538.0,2822.0,3310.0,2525.0,740.0,649.0,685.0,595.0,441.0,508.0,601.0,452.0,511.0,11649.0,9948.0,10626.0,2054.0,1723.0,1688.0,610.0,556.0,636.0,449.0,427.0,504.0,14072.0,11644.0,12302.0,13193.0,10746.0,11832.0,6321.0,5204.0,5546.0,1177.0,1112.0,1227.0,12833.0,14713.0,13159.0,4868.0,4240.0,4852.0,1536.0,1483.0,1487.0,821.0,677.0,699.0,12022.0,10633.0,11298.0,1998.0,2058.0,2066.0,624.0,587.0,669.0,511.0,478.0,517.0
24,26.6,3303.192,16,12,15,19,11,7,11,14,8,11,17,12,14,13,12,14,5,12,14,12,10,13,8,15,13.0,16.0,12.0,15.0,8.0,11.0,15.0,16.0,13.0,12.0,20.0,9.0,6.0,10.0,17.0,9.0,10.0,18.0,19.0,16.0,12.0,14.0,24.0,15.0,12.0,13.0,14.0,9.0,14.0,17.0,13.0,15.0,12.0,13.0,8.0,21.0,12.0,11.0,12.0,17.0,12.0,13.0,18.0,10.0,16.0,12.0,17.0,12.0,12.0,13.0,13.0,14.0,9.0,9.0,15.0,15.0,14.0,15.0,13.0,13.0,19.0,14.0,15.0,14.0,16.0,17.0,12.0,17.0,13.0,14.0,14.0,12.0,507,549,465,557,470,504,381,418,433,402,438,502,517,495,534,553,459,502,542,509,580,657,630,605,492,444,524,492,470,471,472,498,521,524,496,541,422,427,491,495,413,423,400,413,426,469,456,466,510,463,600,547,502,491,635,541,648,883,760,847,469,482,524,547,483,526,567,487,574,618,585,668,12981,11747,11922.0,12102,11499,11924.0,8432.0,7201.0,7204.0,1644.0,1493.0,1679.0,10365.0,13101.0,9459.0,3258.0,2825.0,3442.0,956.0,883.0,888.0,741.0,596.0,693.0,14207.0,10288.0,12037.0,5272.0,4968.0,4962.0,897.0,883.0,881.0,535.0,539.0,585.0,13256.0,11373.0,11918.0,13100.0,10409.0,11021.0,10596.0,10059.0,11143.0,6564.0,5349.0,5993.0,13405.0,16221.0,14448.0,12245.0,10090.0,9901.0,2764.0,2305.0,2129.0,772.0,800.0,746.0,12831.0,11876.0,12438.0,12552.0,11458.0,11842.0,7976.0,8034.0,7844.0,2001.0,1941.0,1724.0,13613.0,10979.0,11651.0,13216.0,10599.0,11229.0,6831.0,6200.0,6350.0,1531.0,1358.0,1403.0,10858.0,12028.0,10869.0,4085.0,3539.0,3371.0,1021.0,833.0,919.0,711.0,658.0,620.0,12886.0,11562.0,12229.0,3721.0,3651.0,3687.0,947.0,829.0,765.0,482.0,516.0,516.0,13868.0,11417.0,11818.0,12966.0,11178.0,11644.0,11700.0,9963.0,11647.0,7570.0,6624.0,6990.0,13837.0,13321.0,14079.0,12419.0,9938.0,10029.0,3206.0,2813.0,2478.0,1025.0,921.0,848.0,12739.0,11489.0,12127.0,13167.0,11250.0,11610.0,8943.0,7269.0,7243.0,1668.0,1797.0,1675.0,15470.0,11147.0,12691.0,3410.0,3012.0,2675.0,810.0,669.0,688.0,629.0,432.0,526.0,2863.0,3289.0,2660.0,814.0,676.0,654.0,621.0,457.0,504.0,535.0,403.0,491.0,11588.0,9931.0,10687.0,1966.0,1821.0,1727.0,652.0,537.0,588.0,482.0,441.0,534.0,14134.0,11619.0,12376.0,13338.0,10469.0,11504.0,6508.0,5424.0,5844.0,1337.0,1147.0,1242.0,12719.0,14830.0,13332.0,4996.0,4423.0,4932.0,1673.0,1588.0,1515.0,917.0,734.0,738.0,11997.0,10632.0,10824.0,2103.0,2079.0,2092.0,676.0,645.0,655.0,524.0,451.0,471.0
25,26.7,3446.826,14,9,12,11,8,12,17,17,19,13,13,10,16,14,20,12,14,11,13,12,10,17,7,13,16.0,12.0,11.0,13.0,10.0,10.0,10.0,11.0,17.0,12.0,15.0,20.0,16.0,22.0,18.0,15.0,12.0,9.0,21.0,12.0,16.0,10.0,19.0,16.0,13.0,18.0,11.0,11.0,13.0,16.0,10.0,14.0,15.0,17.0,11.0,11.0,17.0,15.0,14.0,12.0,12.0,14.0,10.0,18.0,10.0,12.0,7.0,11.0,8.0,15.0,14.0,6.0,12.0,15.0,18.0,16.0,14.0,13.0,12.0,14.0,16.0,10.0,10.0,13.0,12.0,13.0,13.0,16.0,17.0,15.0,13.0,17.0,488,498,503,618,464,484,403,403,468,403,426,526,424,473,553,577,496,498,549,562,595,581,622,585,507,458,464,499,481,503,479,437,547,488,515,506,488,429,451,504,386,491,355,391,472,477,515,492,514,481,551,593,485,528,614,523,579,923,773,777,453,463,488,550,477,468,539,498,510,617,624,703,13144,11659,11997.0,11812,11592,11689.0,8521.0,7289.0,7387.0,1614.0,1527.0,1669.0,10633.0,13095.0,9726.0,3362.0,2865.0,3566.0,917.0,942.0,841.0,756.0,597.0,676.0,13896.0,10361.0,11992.0,5610.0,4979.0,5139.0,958.0,930.0,930.0,541.0,580.0,602.0,12905.0,11415.0,11964.0,12917.0,10452.0,10901.0,10579.0,9863.0,11113.0,6585.0,5216.0,6150.0,13219.0,16202.0,14131.0,12170.0,10158.0,9951.0,2822.0,2280.0,2194.0,783.0,741.0,762.0,12707.0,11771.0,12383.0,12552.0,11388.0,11751.0,8239.0,7947.0,8034.0,2175.0,1833.0,1823.0,13983.0,11117.0,11507.0,13096.0,10747.0,10991.0,6922.0,6440.0,6581.0,1578.0,1434.0,1482.0,10929.0,11985.0,10809.0,4131.0,3592.0,3449.0,1028.0,927.0,936.0,669.0,682.0,697.0,13264.0,11742.0,12251.0,3895.0,3858.0,3941.0,919.0,863.0,798.0,487.0,553.0,548.0,13905.0,11506.0,11870.0,13021.0,11122.0,11529.0,11524.0,9946.0,11311.0,8003.0,6920.0,7099.0,13701.0,13304.0,13788.0,12204.0,10105.0,10208.0,3407.0,2722.0,2569.0,1028.0,845.0,940.0,12594.0,11531.0,12093.0,12796.0,11114.0,11985.0,9123.0,7586.0,7458.0,1851.0,1903.0,1687.0,15495.0,11035.0,12795.0,3475.0,3056.0,2768.0,880.0,661.0,698.0,646.0,459.0,514.0,2856.0,3439.0,2702.0,744.0,663.0,673.0,617.0,441.0,477.0,570.0,418.0,537.0,11888.0,10040.0,10849.0,2105.0,1796.0,1832.0,727.0,602.0,629.0,519.0,457.0,520.0,14113.0,11968.0,12066.0,13260.0,10470.0,11534.0,6763.0,5614.0,5915.0,1337.0,1102.0,1262.0,12742.0,14779.0,13237.0,5088.0,4633.0,4991.0,1667.0,1672.0,1609.0,841.0,684.0,705.0,11954.0,10974.0,11355.0,2194.0,2084.0,2188.0,584.0,633.0,618.0,568.0,493.0,523.0
26,26.6,3590.499,12,16,10,13,12,10,10,8,13,8,13,13,10,12,10,13,13,12,12,10,19,9,14,22,22.0,12.0,11.0,13.0,16.0,10.0,13.0,12.0,11.0,16.0,14.0,15.0,10.0,11.0,16.0,18.0,13.0,12.0,16.0,11.0,11.0,13.0,18.0,16.0,11.0,14.0,17.0,16.0,14.0,17.0,11.0,11.0,5.0,11.0,13.0,12.0,11.0,9.0,16.0,18.0,13.0,13.0,15.0,8.0,11.0,14.0,16.0,11.0,13.0,14.0,7.0,12.0,17.0,8.0,17.0,12.0,15.0,12.0,11.0,15.0,13.0,18.0,15.0,14.0,14.0,11.0,17.0,9.0,17.0,11.0,17.0,12.0,468,466,440,579,491,454,409,391,456,400,452,483,453,467,567,613,502,518,567,557,588,602,562,619,488,468,504,442,521,501,465,453,489,502,506,520,468,439,481,516,476,415,398,376,467,499,487,462,536,443,537,610,474,498,570,557,536,1006,808,833,467,422,499,572,467,533,576,463,549,634,663,684,12887,11520,11624.0,11739,11136,11835.0,8685.0,7379.0,7595.0,1773.0,1655.0,1677.0,10795.0,13296.0,9963.0,3451.0,2929.0,3580.0,957.0,903.0,860.0,750.0,545.0,683.0,12580.0,10545.0,12173.0,5872.0,5426.0,5369.0,918.0,970.0,991.0,528.0,551.0,591.0,12931.0,11359.0,11892.0,13148.0,10481.0,10876.0,10396.0,9798.0,11061.0,6666.0,5400.0,6269.0,13122.0,16359.0,14160.0,12262.0,10054.0,10163.0,2926.0,2360.0,2128.0,766.0,793.0,717.0,12958.0,11657.0,12231.0,12313.0,11215.0,11454.0,8471.0,8391.0,8486.0,2169.0,1988.0,1809.0,13877.0,11075.0,11510.0,13074.0,10626.0,10927.0,7208.0,6489.0,6833.0,1693.0,1422.0,1539.0,11217.0,11986.0,10871.0,4370.0,3706.0,3530.0,1049.0,908.0,879.0,700.0,574.0,637.0,13052.0,11599.0,11988.0,4060.0,4035.0,4085.0,1007.0,833.0,885.0,479.0,544.0,517.0,13933.0,11453.0,12044.0,12890.0,10835.0,11355.0,11362.0,10184.0,11696.0,8125.0,6882.0,7544.0,13789.0,13366.0,13836.0,12504.0,10265.0,10026.0,3571.0,2823.0,2830.0,1048.0,890.0,944.0,12685.0,11360.0,11684.0,12797.0,11057.0,11849.0,9471.0,7860.0,7761.0,1837.0,2038.0,1785.0,15863.0,10676.0,12733.0,3542.0,3111.0,2810.0,787.0,650.0,674.0,630.0,503.0,507.0,3014.0,3511.0,2648.0,753.0,676.0,677.0,583.0,423.0,482.0,554.0,407.0,478.0,12280.0,10243.0,10995.0,2186.0,1828.0,1789.0,730.0,584.0,639.0,445.0,448.0,512.0,14256.0,11674.0,11993.0,12812.0,10394.0,11746.0,7024.0,5489.0,6154.0,1393.0,1113.0,1212.0,12926.0,15113.0,13404.0,5149.0,4703.0,5176.0,1713.0,1693.0,1682.0,856.0,713.0,709.0,12316.0,10826.0,11375.0,2236.0,2194.0,2307.0,616.0,647.0,727.0,487.0,512.0,526.0
27,26.7,3734.09,15,16,18,14,13,14,13,21,9,15,19,13,17,11,15,11,12,14,19,12,9,17,18,13,11.0,13.0,15.0,14.0,11.0,18.0,14.0,16.0,12.0,13.0,13.0,8.0,15.0,12.0,15.0,13.0,14.0,15.0,21.0,16.0,14.0,12.0,18.0,13.0,12.0,12.0,16.0,17.0,14.0,13.0,11.0,11.0,15.0,10.0,22.0,12.0,8.0,16.0,17.0,18.0,14.0,22.0,19.0,15.0,15.0,16.0,16.0,15.0,14.0,16.0,13.0,18.0,14.0,13.0,12.0,14.0,15.0,11.0,15.0,11.0,14.0,12.0,16.0,15.0,19.0,17.0,16.0,15.0,17.0,11.0,19.0,14.0,486,521,459,563,451,497,428,405,444,409,400,495,468,532,569,542,491,530,585,531,588,594,585,537,503,494,467,503,501,540,463,460,553,452,441,568,465,415,470,541,407,450,431,403,452,490,483,481,493,498,523,615,478,537,628,579,610,924,799,819,485,486,502,583,492,486,592,511,542,613,654,660,13128,11407,11751.0,11749,11246,11688.0,8991.0,7500.0,7795.0,1781.0,1620.0,1769.0,10910.0,13518.0,10166.0,3605.0,3040.0,3828.0,923.0,938.0,941.0,758.0,589.0,668.0,12646.0,10451.0,12203.0,6063.0,5592.0,5487.0,960.0,990.0,1026.0,497.0,584.0,607.0,13173.0,11092.0,11875.0,12817.0,10293.0,10854.0,10518.0,9878.0,10882.0,7008.0,5528.0,6410.0,13382.0,16159.0,14352.0,12592.0,10397.0,10330.0,3019.0,2424.0,2356.0,822.0,842.0,779.0,12686.0,11726.0,12299.0,12708.0,11254.0,11668.0,8842.0,8664.0,8799.0,2324.0,2053.0,1882.0,13794.0,11087.0,11465.0,13134.0,10709.0,11384.0,7403.0,6553.0,6760.0,1667.0,1406.0,1564.0,11070.0,12483.0,11177.0,4283.0,3725.0,3664.0,1086.0,910.0,1025.0,758.0,603.0,651.0,13133.0,11435.0,12094.0,4278.0,4233.0,4314.0,977.0,864.0,813.0,515.0,520.0,549.0,13879.0,11354.0,11783.0,12755.0,11063.0,11735.0,11565.0,10035.0,11619.0,8208.0,7022.0,7550.0,13534.0,13529.0,13920.0,12706.0,10361.0,10627.0,3602.0,3039.0,2720.0,1027.0,897.0,893.0,12910.0,11376.0,11849.0,12937.0,10844.0,11786.0,9727.0,7901.0,8119.0,1989.0,2200.0,1822.0,15907.0,10858.0,12706.0,3623.0,3163.0,2961.0,822.0,701.0,685.0,603.0,429.0,553.0,3035.0,3366.0,2826.0,760.0,666.0,661.0,621.0,440.0,477.0,519.0,448.0,464.0,11915.0,10018.0,11033.0,2212.0,1843.0,1835.0,645.0,569.0,675.0,446.0,483.0,507.0,14108.0,11985.0,12049.0,13271.0,10518.0,11654.0,7083.0,5735.0,6425.0,1402.0,1135.0,1284.0,12920.0,14979.0,13308.0,5567.0,4873.0,5349.0,1804.0,1683.0,1755.0,913.0,694.0,732.0,12293.0,11173.0,11449.0,2266.0,2213.0,2327.0,693.0,633.0,662.0,528.0,481.0,446.0
28,26.8,3877.569,17,14,18,20,11,18,18,23,12,15,11,13,18,10,20,13,13,11,19,19,15,13,11,11,12.0,14.0,14.0,17.0,15.0,17.0,16.0,14.0,17.0,14.0,8.0,18.0,15.0,12.0,10.0,19.0,15.0,19.0,13.0,13.0,13.0,14.0,14.0,22.0,19.0,10.0,14.0,12.0,13.0,13.0,12.0,14.0,17.0,21.0,14.0,13.0,18.0,22.0,14.0,8.0,9.0,9.0,16.0,12.0,18.0,20.0,12.0,11.0,15.0,11.0,12.0,18.0,16.0,15.0,16.0,11.0,19.0,17.0,16.0,25.0,20.0,9.0,13.0,10.0,16.0,15.0,19.0,13.0,12.0,20.0,17.0,12.0,506,474,500,542,470,459,379,414,451,389,447,506,478,450,544,620,521,554,573,586,620,600,561,561,528,507,482,467,423,486,442,477,565,487,499,562,483,424,502,561,424,435,360,396,428,465,450,473,503,493,540,604,437,516,583,552,567,995,835,893,445,490,490,550,423,485,569,524,533,625,622,685,12972,11498,11822.0,11619,11514,11938.0,9010.0,7696.0,7861.0,1769.0,1772.0,1770.0,11039.0,14030.0,10288.0,3738.0,3119.0,3893.0,978.0,949.0,965.0,744.0,590.0,728.0,12395.0,10305.0,12155.0,6447.0,5704.0,5952.0,1022.0,972.0,1088.0,557.0,619.0,675.0,12943.0,11195.0,11825.0,13085.0,10454.0,10936.0,10416.0,10006.0,10877.0,7168.0,5780.0,6669.0,13069.0,16446.0,14288.0,12943.0,10304.0,10516.0,3066.0,2520.0,2322.0,813.0,821.0,816.0,12793.0,11806.0,12398.0,12579.0,11145.0,11620.0,8854.0,8617.0,9037.0,2504.0,2168.0,1961.0,13518.0,11032.0,11479.0,13019.0,10503.0,10952.0,7357.0,6741.0,6927.0,1688.0,1431.0,1536.0,11246.0,12431.0,11139.0,4431.0,3880.0,3718.0,1034.0,1016.0,1012.0,742.0,597.0,649.0,13290.0,11586.0,12277.0,4359.0,4342.0,4403.0,976.0,884.0,877.0,534.0,525.0,521.0,13676.0,11374.0,11770.0,13052.0,11069.0,11561.0,11612.0,9995.0,11376.0,8179.0,7305.0,7793.0,13615.0,13343.0,13718.0,12846.0,10357.0,10707.0,3723.0,3029.0,2864.0,1057.0,922.0,898.0,12700.0,11464.0,12050.0,12578.0,11010.0,11561.0,10056.0,8424.0,8420.0,1939.0,2303.0,2019.0,16175.0,10892.0,12848.0,3755.0,3159.0,2983.0,831.0,674.0,699.0,632.0,446.0,528.0,3011.0,3596.0,2918.0,765.0,672.0,629.0,598.0,477.0,542.0,552.0,428.0,472.0,12189.0,10287.0,11237.0,2194.0,1989.0,1822.0,684.0,560.0,651.0,498.0,478.0,512.0,14077.0,11508.0,11978.0,13228.0,10615.0,11756.0,7150.0,5782.0,6248.0,1478.0,1282.0,1309.0,12921.0,14862.0,13046.0,5581.0,4973.0,5302.0,1893.0,1745.0,1840.0,922.0,733.0,759.0,12335.0,11024.0,11446.0,2488.0,2411.0,2375.0,687.0,652.0,669.0,508.0,489.0,502.0
29,26.7,4021.083,10,11,16,16,18,18,10,17,12,13,24,16,12,19,14,12,15,21,13,17,13,17,15,10,12.0,19.0,15.0,11.0,15.0,11.0,17.0,15.0,15.0,18.0,20.0,11.0,14.0,13.0,12.0,14.0,14.0,12.0,19.0,15.0,12.0,11.0,19.0,13.0,16.0,14.0,21.0,14.0,16.0,18.0,11.0,13.0,8.0,12.0,15.0,17.0,11.0,13.0,19.0,14.0,17.0,15.0,14.0,14.0,12.0,15.0,12.0,20.0,9.0,16.0,17.0,16.0,12.0,12.0,13.0,12.0,13.0,11.0,18.0,21.0,15.0,14.0,15.0,12.0,16.0,14.0,17.0,11.0,15.0,17.0,10.0,17.0,451,483,450,616,473,478,416,388,484,392,396,484,455,498,496,641,498,534,556,568,596,608,573,587,441,489,483,426,426,509,437,456,498,453,550,561,485,412,409,502,412,428,368,394,464,466,473,480,494,462,542,607,441,458,599,534,602,940,789,814,481,436,488,529,514,503,527,507,555,615,662,729,12799,11203,11914.0,11791,11484,11734.0,9282.0,7963.0,8281.0,1879.0,1755.0,1898.0,10909.0,13726.0,10556.0,3740.0,3200.0,3981.0,1030.0,956.0,980.0,756.0,571.0,729.0,12357.0,10603.0,12154.0,6830.0,5892.0,6010.0,1031.0,1023.0,1049.0,514.0,565.0,592.0,12784.0,11150.0,11745.0,13153.0,10482.0,10656.0,10333.0,9800.0,10867.0,7343.0,5839.0,6700.0,12916.0,16196.0,14200.0,12822.0,10607.0,10670.0,3278.0,2549.0,2472.0,859.0,745.0,768.0,12562.0,11645.0,11996.0,12420.0,10931.0,11826.0,9210.0,8959.0,9431.0,2537.0,2350.0,2032.0,14074.0,10768.0,11705.0,13004.0,10548.0,10907.0,7528.0,6741.0,7230.0,1770.0,1547.0,1709.0,11310.0,12398.0,11461.0,4550.0,3881.0,3858.0,1063.0,1020.0,1009.0,690.0,642.0,659.0,13209.0,11381.0,12185.0,4727.0,4460.0,4552.0,1059.0,873.0,895.0,537.0,551.0,566.0,13966.0,11170.0,11662.0,12905.0,11077.0,11526.0,11498.0,9877.0,11506.0,8483.0,7355.0,7637.0,13595.0,13341.0,13949.0,12890.0,10677.0,10568.0,3852.0,3079.0,2979.0,1126.0,955.0,884.0,12644.0,11416.0,11918.0,12793.0,10973.0,11644.0,10315.0,8634.0,8500.0,2070.0,2414.0,1992.0,16093.0,10940.0,12777.0,3899.0,3149.0,3076.0,890.0,730.0,783.0,612.0,412.0,513.0,3080.0,3385.0,2801.0,766.0,635.0,601.0,602.0,447.0,472.0,550.0,425.0,519.0,12610.0,10280.0,11250.0,2314.0,2006.0,1981.0,736.0,592.0,666.0,488.0,444.0,516.0,14206.0,11578.0,12017.0,13255.0,10624.0,11537.0,7178.0,5930.0,6466.0,1414.0,1264.0,1373.0,12685.0,14955.0,13201.0,5560.0,4962.0,5581.0,1990.0,1849.0,1857.0,880.0,724.0,776.0,12243.0,11084.0,11321.0,2538.0,2375.0,2524.0,623.0,622.0,665.0,483.0,491.0,507.0
30,26.8,4164.675,17,15,9,14,16,12,15,15,26,12,14,17,14,18,18,21,17,12,12,12,13,16,14,18,13.0,16.0,15.0,13.0,10.0,15.0,11.0,11.0,10.0,22.0,11.0,15.0,15.0,11.0,15.0,11.0,15.0,17.0,18.0,12.0,17.0,20.0,21.0,13.0,11.0,12.0,16.0,17.0,14.0,16.0,13.0,15.0,12.0,9.0,10.0,13.0,14.0,11.0,15.0,10.0,17.0,12.0,17.0,15.0,9.0,15.0,20.0,15.0,21.0,20.0,17.0,17.0,12.0,13.0,9.0,16.0,21.0,16.0,13.0,15.0,18.0,16.0,16.0,15.0,17.0,18.0,20.0,15.0,14.0,9.0,15.0,13.0,454,526,451,536,501,460,398,368,497,371,419,500,482,527,592,662,478,455,539,547,573,573,559,544,497,464,512,418,508,469,461,435,516,507,497,532,454,383,441,536,449,475,387,366,488,476,472,496,545,543,595,584,492,490,569,508,622,962,785,807,469,480,502,581,466,484,549,495,480,611,603,697,12914,11309,11763.0,11850,11364,11758.0,9347.0,7842.0,8283.0,1906.0,1849.0,2009.0,10942.0,13821.0,10579.0,3764.0,3257.0,4013.0,1022.0,1014.0,973.0,779.0,574.0,670.0,12483.0,10261.0,12163.0,7059.0,6198.0,6284.0,1096.0,1064.0,1116.0,559.0,583.0,642.0,12928.0,11473.0,11619.0,12913.0,10515.0,10931.0,10459.0,9712.0,10801.0,7382.0,5844.0,6843.0,12970.0,15919.0,14186.0,12885.0,10793.0,10808.0,3267.0,2700.0,2602.0,847.0,845.0,856.0,12673.0,11768.0,12113.0,12361.0,11202.0,11452.0,9296.0,9290.0,9290.0,2762.0,2277.0,2124.0,13898.0,11015.0,11302.0,12902.0,10734.0,10935.0,7718.0,6961.0,7223.0,1867.0,1579.0,1659.0,11254.0,12487.0,11275.0,4707.0,4039.0,3941.0,1087.0,1030.0,1002.0,680.0,614.0,653.0,13053.0,11359.0,12277.0,4755.0,4774.0,4749.0,1069.0,867.0,900.0,504.0,543.0,556.0,14165.0,11203.0,11647.0,12988.0,11093.0,11384.0,11479.0,9888.0,11426.0,8403.0,7290.0,7827.0,13472.0,13099.0,13987.0,13153.0,10647.0,10793.0,3919.0,3156.0,2941.0,1139.0,952.0,961.0,12341.0,11380.0,11772.0,12716.0,11020.0,11523.0,10675.0,8863.0,8991.0,2213.0,2451.0,2208.0,16066.0,10866.0,12789.0,3923.0,3275.0,3213.0,911.0,703.0,763.0,634.0,425.0,540.0,3075.0,3487.0,2818.0,772.0,653.0,653.0,611.0,438.0,471.0,520.0,397.0,503.0,12659.0,10517.0,11628.0,2422.0,2046.0,2021.0,700.0,584.0,724.0,505.0,436.0,494.0,14012.0,11800.0,11843.0,13015.0,10447.0,11693.0,7543.0,6101.0,6513.0,1409.0,1326.0,1354.0,12649.0,15059.0,13221.0,5824.0,5147.0,5648.0,1927.0,1830.0,1885.0,857.0,772.0,747.0,12336.0,11269.0,11695.0,2559.0,2565.0,2548.0,644.0,697.0,634.0,562.0,493.0,503.0
31,26.7,4308.235,16,13,13,12,12,14,13,19,16,9,10,14,20,13,22,17,16,20,13,14,16,17,15,24,17.0,14.0,21.0,10.0,15.0,23.0,15.0,18.0,13.0,14.0,16.0,13.0,19.0,20.0,12.0,13.0,9.0,15.0,19.0,15.0,10.0,16.0,24.0,15.0,12.0,11.0,16.0,16.0,14.0,14.0,15.0,14.0,17.0,13.0,10.0,12.0,15.0,19.0,12.0,11.0,20.0,15.0,17.0,9.0,18.0,14.0,16.0,13.0,16.0,15.0,20.0,12.0,11.0,14.0,14.0,15.0,15.0,10.0,11.0,15.0,16.0,16.0,12.0,15.0,21.0,19.0,17.0,16.0,16.0,12.0,12.0,19.0,502,516,478,551,504,491,414,411,494,422,450,516,456,499,581,607,467,522,566,540,558,648,546,579,462,443,466,471,445,475,452,480,551,521,491,570,480,405,423,574,439,405,410,402,419,440,476,518,520,505,512,637,477,529,588,503,582,980,846,868,457,473,512,498,477,477,543,492,525,558,708,686,12960,11122,11977.0,11444,11266,11921.0,9574.0,8205.0,8266.0,1941.0,1888.0,1926.0,11306.0,14077.0,10695.0,3865.0,3432.0,4065.0,1071.0,1018.0,991.0,723.0,596.0,644.0,12501.0,10571.0,11900.0,7200.0,6469.0,6651.0,1132.0,1159.0,1145.0,537.0,570.0,606.0,12935.0,11204.0,11445.0,13029.0,10383.0,10763.0,10454.0,9609.0,11010.0,7414.0,6059.0,6802.0,12810.0,15747.0,13942.0,13117.0,10897.0,10908.0,3272.0,2739.0,2568.0,757.0,817.0,865.0,12623.0,11599.0,12062.0,12251.0,11129.0,11722.0,9447.0,9327.0,9863.0,2744.0,2414.0,2201.0,13424.0,10931.0,11414.0,13011.0,10622.0,10968.0,7710.0,7011.0,7320.0,1927.0,1666.0,1629.0,11438.0,12500.0,11517.0,4850.0,4139.0,4023.0,1184.0,1028.0,1021.0,727.0,646.0,671.0,13137.0,11768.0,12299.0,4845.0,4926.0,5017.0,1044.0,961.0,993.0,518.0,580.0,546.0,13597.0,11069.0,11660.0,12878.0,10945.0,11452.0,11455.0,10043.0,11187.0,8639.0,7406.0,7947.0,13623.0,13131.0,13818.0,13180.0,10776.0,10646.0,4111.0,3360.0,2979.0,1118.0,938.0,916.0,12418.0,11289.0,12064.0,12720.0,10767.0,11774.0,10734.0,8924.0,8841.0,2305.0,2642.0,2347.0,16092.0,11148.0,12769.0,4023.0,3282.0,3194.0,893.0,728.0,724.0,664.0,490.0,505.0,3071.0,3636.0,2900.0,751.0,764.0,672.0,597.0,455.0,448.0,527.0,427.0,522.0,12943.0,10538.0,11609.0,2417.0,2045.0,2134.0,652.0,655.0,662.0,462.0,429.0,513.0,13812.0,11349.0,11635.0,12816.0,10275.0,11531.0,7435.0,6257.0,6688.0,1538.0,1295.0,1518.0,12663.0,14721.0,12964.0,5777.0,5248.0,5741.0,2120.0,1967.0,2027.0,927.0,721.0,786.0,12478.0,11471.0,11482.0,2554.0,2567.0,2558.0,669.0,669.0,710.0,528.0,525.0,533.0
32,26.9,4451.797,19,14,13,15,18,10,12,16,9,12,20,10,17,14,15,22,14,17,13,16,13,11,16,24,12.0,17.0,14.0,11.0,11.0,13.0,21.0,21.0,17.0,12.0,12.0,8.0,15.0,14.0,13.0,15.0,14.0,16.0,19.0,11.0,9.0,19.0,10.0,16.0,19.0,13.0,19.0,16.0,10.0,16.0,13.0,18.0,14.0,19.0,10.0,16.0,20.0,10.0,27.0,17.0,11.0,12.0,21.0,17.0,10.0,16.0,17.0,14.0,16.0,16.0,15.0,11.0,16.0,17.0,20.0,20.0,16.0,7.0,12.0,14.0,8.0,20.0,12.0,19.0,19.0,12.0,21.0,20.0,14.0,14.0,12.0,17.0,508,519,428,544,463,444,414,384,442,388,430,503,411,464,549,537,501,494,579,550,548,621,567,587,471,463,483,502,483,448,428,526,521,513,475,480,523,411,438,556,417,436,356,390,415,471,506,464,504,466,507,589,469,521,575,552,629,1049,807,881,433,463,481,533,494,515,566,496,504,631,667,756,12922,11353,11728.0,11776,11272,11809.0,9629.0,8298.0,8615.0,1984.0,1933.0,1988.0,11391.0,14050.0,10776.0,4138.0,3563.0,4293.0,1038.0,1032.0,1055.0,760.0,587.0,652.0,12558.0,10361.0,12386.0,7427.0,6746.0,6894.0,1136.0,1155.0,1145.0,532.0,583.0,634.0,12759.0,11316.0,11499.0,12985.0,10148.0,10812.0,10395.0,10024.0,11234.0,7755.0,6057.0,7258.0,12633.0,16117.0,14154.0,13351.0,10810.0,10949.0,3504.0,2888.0,2699.0,842.0,795.0,792.0,12940.0,11785.0,12109.0,12430.0,10949.0,11555.0,9600.0,9565.0,9955.0,2917.0,2604.0,2418.0,13577.0,10979.0,11598.0,12928.0,10915.0,10957.0,7947.0,7173.0,7443.0,1814.0,1661.0,1686.0,11567.0,12997.0,11615.0,4827.0,4305.0,4157.0,1105.0,1036.0,1062.0,681.0,666.0,642.0,13020.0,11673.0,11884.0,5109.0,5000.0,5317.0,1115.0,979.0,975.0,529.0,543.0,571.0,13962.0,11235.0,11540.0,13028.0,10898.0,11505.0,11512.0,9819.0,11381.0,8814.0,7620.0,8213.0,13459.0,12974.0,13786.0,13329.0,10995.0,10899.0,4083.0,3354.0,3094.0,1186.0,931.0,953.0,12610.0,11370.0,11784.0,12854.0,10949.0,11741.0,11160.0,9377.0,9439.0,2574.0,2652.0,2433.0,16028.0,10914.0,12875.0,4017.0,3468.0,3251.0,914.0,747.0,749.0,632.0,408.0,503.0,3154.0,3806.0,2892.0,805.0,639.0,668.0,602.0,443.0,420.0,552.0,390.0,491.0,12521.0,10351.0,11593.0,2442.0,2091.0,2142.0,658.0,625.0,690.0,501.0,447.0,553.0,14007.0,11702.0,11905.0,13097.0,10488.0,11436.0,7545.0,6160.0,6754.0,1676.0,1316.0,1431.0,12655.0,14613.0,13118.0,6030.0,5286.0,6063.0,2144.0,1952.0,2040.0,919.0,789.0,780.0,12519.0,11155.0,11613.0,2723.0,2541.0,2756.0,684.0,719.0,708.0,514.0,521.0,503.0
33,27.0,4595.321,18,16,14,19,10,14,18,15,15,17,17,25,19,14,13,14,19,15,13,16,19,14,17,13,17.0,21.0,14.0,18.0,17.0,9.0,22.0,17.0,20.0,17.0,15.0,9.0,22.0,12.0,15.0,21.0,11.0,16.0,19.0,13.0,20.0,15.0,12.0,14.0,12.0,18.0,14.0,13.0,15.0,19.0,18.0,20.0,14.0,10.0,11.0,13.0,14.0,16.0,17.0,17.0,14.0,17.0,15.0,24.0,18.0,17.0,15.0,13.0,16.0,19.0,16.0,17.0,25.0,13.0,13.0,13.0,12.0,10.0,15.0,16.0,12.0,11.0,14.0,19.0,14.0,12.0,15.0,17.0,10.0,14.0,19.0,15.0,490,494,475,581,514,525,410,423,478,454,415,493,464,482,550,577,551,482,553,543,531,613,591,578,527,454,495,493,423,484,448,511,512,459,500,528,462,409,452,551,401,422,350,355,420,455,493,482,553,451,536,661,507,497,641,574,623,971,815,844,412,496,527,559,485,493,575,524,569,655,658,715,12740,11239,11682.0,11743,11467,11700.0,9887.0,8234.0,8808.0,2017.0,2066.0,1975.0,11432.0,14288.0,10907.0,4238.0,3531.0,4353.0,1130.0,1047.0,1005.0,803.0,576.0,722.0,12614.0,10196.0,12168.0,7698.0,7039.0,7097.0,1202.0,1272.0,1179.0,521.0,622.0,636.0,12951.0,11211.0,11577.0,12864.0,10119.0,10717.0,10388.0,9743.0,10967.0,7916.0,6135.0,7215.0,13133.0,16048.0,14139.0,13316.0,11045.0,10958.0,3347.0,2873.0,2800.0,844.0,845.0,788.0,12776.0,11672.0,12170.0,12478.0,11137.0,11755.0,9832.0,10091.0,10135.0,2954.0,2540.0,2534.0,13609.0,10815.0,11221.0,12771.0,10597.0,10760.0,7937.0,7190.0,7383.0,1848.0,1652.0,1880.0,11588.0,12897.0,11687.0,4916.0,4361.0,4297.0,1167.0,1042.0,1006.0,682.0,643.0,671.0,13170.0,11406.0,12117.0,5267.0,5304.0,5304.0,1153.0,998.0,974.0,494.0,541.0,597.0,13848.0,11285.0,11612.0,13029.0,10857.0,11309.0,11452.0,9989.0,11399.0,8625.0,7682.0,8192.0,13266.0,12775.0,13878.0,13415.0,11167.0,11127.0,4157.0,3596.0,3200.0,1084.0,1039.0,994.0,12552.0,11476.0,11948.0,12707.0,11129.0,11596.0,11624.0,9477.0,9465.0,2503.0,2838.0,2477.0,16017.0,11048.0,12755.0,3998.0,3570.0,3278.0,871.0,748.0,753.0,637.0,431.0,516.0,3195.0,3713.0,2940.0,823.0,716.0,691.0,597.0,365.0,446.0,553.0,451.0,457.0,12937.0,10401.0,11480.0,2544.0,2199.0,2211.0,736.0,604.0,667.0,452.0,453.0,515.0,14121.0,11614.0,11769.0,12740.0,10251.0,11642.0,7708.0,6324.0,6871.0,1609.0,1365.0,1433.0,12782.0,14596.0,13046.0,6120.0,5511.0,6160.0,2118.0,2100.0,2079.0,981.0,705.0,766.0,12489.0,11128.0,11738.0,2745.0,2713.0,2787.0,668.0,665.0,765.0,524.0,450.0,516.0
34,26.9,4739.011,23,11,17,18,15,14,14,12,15,12,17,15,21,12,13,17,17,14,23,13,19,17,16,22,11.0,11.0,18.0,10.0,11.0,21.0,11.0,17.0,21.0,15.0,14.0,12.0,12.0,10.0,19.0,15.0,20.0,16.0,15.0,14.0,11.0,16.0,17.0,13.0,14.0,24.0,20.0,13.0,15.0,15.0,12.0,16.0,16.0,16.0,16.0,14.0,19.0,21.0,26.0,19.0,21.0,14.0,13.0,13.0,22.0,13.0,17.0,11.0,23.0,16.0,20.0,12.0,17.0,14.0,21.0,15.0,15.0,14.0,14.0,16.0,17.0,12.0,15.0,12.0,20.0,16.0,13.0,14.0,16.0,23.0,9.0,20.0,529,529,449,550,473,502,385,416,424,400,395,527,494,518,594,573,501,480,583,513,617,591,639,618,470,462,465,513,464,492,444,507,559,506,513,593,510,421,418,601,361,451,388,402,436,483,498,443,477,460,590,626,463,475,603,507,615,990,776,872,401,430,501,547,387,469,520,502,566,641,627,712,12658,11306,11577.0,11613,11112,11611.0,9840.0,8549.0,8798.0,2102.0,1999.0,2070.0,11765.0,14324.0,10840.0,4387.0,3587.0,4470.0,1129.0,1080.0,1012.0,761.0,565.0,672.0,12418.0,10216.0,11853.0,7979.0,7055.0,7102.0,1205.0,1251.0,1287.0,580.0,593.0,633.0,12687.0,11301.0,11713.0,12790.0,10299.0,10848.0,10310.0,9734.0,10720.0,8014.0,6361.0,7352.0,12869.0,15753.0,13917.0,13564.0,10988.0,11141.0,3633.0,3053.0,2676.0,823.0,855.0,803.0,12638.0,11667.0,12109.0,12360.0,11223.0,11348.0,10010.0,9880.0,10301.0,3049.0,2728.0,2535.0,13456.0,10872.0,11434.0,13064.0,10319.0,10853.0,8108.0,7212.0,7542.0,1976.0,1750.0,1828.0,11767.0,12755.0,11620.0,5036.0,4334.0,4325.0,1209.0,1093.0,1015.0,663.0,658.0,683.0,13102.0,11591.0,11960.0,5403.0,5449.0,5438.0,1194.0,996.0,1017.0,530.0,549.0,582.0,13641.0,11108.0,11549.0,13090.0,10888.0,11352.0,11444.0,9657.0,11190.0,8927.0,7465.0,8161.0,13219.0,13041.0,13805.0,13472.0,11097.0,11246.0,4250.0,3522.0,3240.0,1200.0,1007.0,968.0,12446.0,11171.0,11848.0,12393.0,11044.0,11624.0,11596.0,9725.0,9962.0,2640.0,2921.0,2481.0,16238.0,10935.0,12757.0,4290.0,3620.0,3468.0,938.0,743.0,736.0,634.0,436.0,496.0,3244.0,3697.0,3006.0,779.0,716.0,651.0,632.0,429.0,533.0,545.0,424.0,547.0,12948.0,10337.0,11662.0,2557.0,2230.0,2087.0,711.0,562.0,661.0,464.0,457.0,539.0,14165.0,11567.0,11963.0,12825.0,10228.0,11242.0,7857.0,6323.0,7166.0,1590.0,1378.0,1569.0,12752.0,15028.0,13247.0,6192.0,5518.0,6021.0,2179.0,2090.0,2088.0,891.0,781.0,788.0,12461.0,11080.0,11120.0,2866.0,2724.0,2871.0,722.0,654.0,642.0,546.0,478.0,487.0
35,26.9,4882.611,16,18,12,15,17,17,13,11,12,19,11,12,16,19,14,18,13,15,15,14,13,11,18,19,13.0,16.0,13.0,16.0,15.0,18.0,14.0,12.0,16.0,21.0,12.0,16.0,17.0,13.0,17.0,17.0,19.0,9.0,19.0,16.0,16.0,13.0,19.0,21.0,18.0,17.0,13.0,15.0,17.0,13.0,14.0,20.0,10.0,17.0,15.0,15.0,24.0,16.0,21.0,14.0,17.0,15.0,14.0,16.0,20.0,15.0,14.0,14.0,15.0,17.0,15.0,22.0,19.0,12.0,11.0,19.0,13.0,16.0,17.0,14.0,11.0,18.0,18.0,14.0,12.0,20.0,15.0,12.0,14.0,15.0,17.0,16.0,459,503,446,542,462,497,355,420,420,388,400,500,469,490,545,578,514,487,558,509,581,628,606,614,464,436,477,454,483,504,480,456,489,469,509,530,493,449,477,529,438,408,362,373,419,492,478,480,513,469,533,599,504,554,585,556,608,1023,771,871,417,483,510,539,454,488,520,475,552,661,676,724,12677,11423,11648.0,11444,11213,11815.0,10020.0,8427.0,9041.0,2161.0,2109.0,2116.0,11525.0,14409.0,10928.0,4493.0,3726.0,4558.0,1175.0,1104.0,1094.0,796.0,639.0,654.0,12390.0,10331.0,11948.0,8468.0,7216.0,7304.0,1229.0,1189.0,1342.0,585.0,556.0,712.0,12768.0,11012.0,11663.0,12746.0,10141.0,10788.0,10375.0,9716.0,10825.0,7955.0,6561.0,7469.0,12857.0,16178.0,13825.0,13547.0,11275.0,11290.0,3712.0,3048.0,2835.0,914.0,831.0,814.0,12391.0,11612.0,12176.0,12554.0,10996.0,11630.0,10088.0,10042.0,10496.0,3288.0,2819.0,2654.0,13503.0,10640.0,11305.0,12914.0,10671.0,10839.0,8205.0,7396.0,7670.0,2026.0,1732.0,1950.0,11718.0,12998.0,11808.0,5351.0,4504.0,4309.0,1149.0,1062.0,1064.0,722.0,685.0,649.0,12937.0,11598.0,11932.0,5542.0,5645.0,5645.0,1161.0,1022.0,1047.0,524.0,536.0,536.0,13675.0,11267.0,11528.0,12712.0,10616.0,11328.0,11357.0,9911.0,11205.0,9018.0,7750.0,8454.0,13375.0,12809.0,13612.0,13732.0,10932.0,11257.0,4548.0,3557.0,3351.0,1190.0,1071.0,1031.0,12153.0,11280.0,11940.0,12572.0,10943.0,11555.0,11786.0,9676.0,10001.0,2791.0,3040.0,2565.0,16069.0,10927.0,12766.0,4369.0,3746.0,3430.0,939.0,677.0,809.0,679.0,455.0,534.0,3329.0,3648.0,2911.0,777.0,746.0,675.0,607.0,400.0,480.0,593.0,462.0,488.0,12751.0,10387.0,11860.0,2617.0,2302.0,2252.0,685.0,574.0,662.0,474.0,456.0,545.0,13803.0,11452.0,11683.0,12958.0,10462.0,11277.0,7927.0,6476.0,7169.0,1684.0,1483.0,1526.0,13023.0,14824.0,12865.0,6447.0,5576.0,6230.0,2244.0,2167.0,2230.0,975.0,787.0,828.0,12561.0,11167.0,11469.0,2844.0,2989.0,2929.0,682.0,690.0,685.0,546.0,502.0,513.0
36,26.8,5026.15,13,17,16,16,14,22,15,9,21,17,7,13,13,18,11,20,13,11,10,23,19,17,10,21,11.0,15.0,14.0,19.0,23.0,14.0,10.0,10.0,23.0,17.0,14.0,18.0,23.0,11.0,19.0,10.0,17.0,15.0,22.0,18.0,17.0,18.0,21.0,17.0,15.0,15.0,15.0,22.0,18.0,12.0,13.0,11.0,20.0,18.0,15.0,13.0,18.0,15.0,17.0,14.0,22.0,13.0,21.0,19.0,20.0,13.0,20.0,16.0,13.0,16.0,17.0,13.0,12.0,21.0,17.0,22.0,17.0,17.0,20.0,14.0,14.0,15.0,13.0,12.0,11.0,17.0,17.0,13.0,22.0,20.0,14.0,15.0,514,492,511,577,487,448,397,406,417,360,413,460,484,573,512,615,461,539,542,522,615,621,601,556,521,454,525,474,430,472,444,476,550,455,472,557,463,389,448,535,402,425,346,399,472,503,498,511,458,482,507,604,463,520,590,530,611,1028,769,856,399,464,497,551,469,471,539,509,545,619,617,764,12457,11487,11852.0,11913,11232,11723.0,9881.0,8328.0,8898.0,2213.0,2187.0,2209.0,11694.0,14646.0,10990.0,4462.0,3838.0,4631.0,1212.0,1108.0,1114.0,774.0,598.0,691.0,12405.0,10169.0,11888.0,8703.0,7563.0,7601.0,1246.0,1275.0,1338.0,542.0,651.0,684.0,12882.0,11217.0,11606.0,12852.0,10245.0,10790.0,10339.0,9563.0,10904.0,8150.0,6532.0,7587.0,13046.0,15988.0,14065.0,11605.0,11271.0,11376.0,3738.0,3153.0,2834.0,770.0,867.0,834.0,12297.0,11353.0,11927.0,12444.0,11190.0,11427.0,10245.0,10060.0,10657.0,3375.0,2954.0,2732.0,13562.0,11035.0,11544.0,12947.0,10516.0,10759.0,8128.0,7624.0,7800.0,2109.0,1777.0,1897.0,11998.0,13074.0,11850.0,5447.0,4583.0,4324.0,1237.0,1139.0,1114.0,713.0,653.0,719.0,13141.0,11459.0,12038.0,5548.0,5785.0,5775.0,1253.0,1036.0,1066.0,538.0,565.0,585.0,13787.0,11139.0,11618.0,12826.0,10929.0,10986.0,11381.0,9749.0,11260.0,8858.0,7884.0,8569.0,13367.0,13185.0,13809.0,13631.0,11157.0,11103.0,4421.0,3708.0,3601.0,1162.0,1001.0,1033.0,12143.0,11398.0,12054.0,12675.0,10883.0,11710.0,11806.0,9947.0,10167.0,2841.0,3129.0,2666.0,16168.0,10860.0,12787.0,4273.0,3822.0,3576.0,931.0,804.0,718.0,622.0,473.0,531.0,3424.0,3757.0,3148.0,805.0,729.0,707.0,623.0,451.0,465.0,556.0,422.0,487.0,13175.0,10787.0,12078.0,2652.0,2354.0,2274.0,735.0,584.0,739.0,492.0,461.0,546.0,13992.0,11512.0,11902.0,12890.0,10557.0,11258.0,8207.0,6638.0,7467.0,1685.0,1462.0,1578.0,12830.0,14744.0,13299.0,6517.0,5644.0,6512.0,2366.0,2210.0,2252.0,946.0,815.0,834.0,12650.0,11254.0,11549.0,2905.0,2985.0,2972.0,738.0,694.0,783.0,520.0,494.0,528.0
37,26.9,5169.731,22,19,13,11,14,17,17,14,18,16,13,18,19,16,10,12,14,14,19,16,15,16,12,16,14.0,14.0,18.0,21.0,13.0,16.0,17.0,13.0,12.0,21.0,15.0,17.0,19.0,11.0,13.0,11.0,14.0,18.0,25.0,22.0,21.0,18.0,12.0,15.0,18.0,17.0,14.0,13.0,13.0,13.0,15.0,19.0,15.0,15.0,21.0,13.0,18.0,13.0,20.0,17.0,13.0,12.0,15.0,13.0,12.0,20.0,17.0,15.0,19.0,18.0,17.0,16.0,16.0,13.0,17.0,22.0,16.0,16.0,10.0,15.0,17.0,19.0,18.0,13.0,11.0,13.0,15.0,19.0,12.0,14.0,10.0,15.0,479,524,405,576,462,462,401,441,417,405,435,504,430,498,566,565,516,502,583,498,547,593,567,565,527,466,490,476,452,517,423,483,551,462,499,522,457,432,438,540,416,426,370,404,435,446,457,460,470,522,555,616,483,514,590,510,620,998,803,866,447,435,525,564,466,496,523,434,545,646,671,700,12631,11128,11638.0,11353,11049,11362.0,10174.0,8596.0,9144.0,2231.0,2178.0,2249.0,11670.0,14554.0,10955.0,4636.0,3920.0,4706.0,1220.0,1192.0,1156.0,754.0,616.0,744.0,12185.0,10075.0,11863.0,8898.0,7681.0,7644.0,1313.0,1385.0,1340.0,540.0,593.0,638.0,12886.0,11107.0,11403.0,13009.0,10266.0,10846.0,10529.0,9673.0,10819.0,8159.0,6542.0,7805.0,12731.0,15863.0,13654.0,11873.0,11261.0,11492.0,4005.0,3201.0,2978.0,825.0,876.0,858.0,12660.0,11614.0,12143.0,12195.0,10969.0,11627.0,10057.0,10205.0,10697.0,3425.0,3050.0,2779.0,13577.0,10857.0,11313.0,12571.0,10667.0,10728.0,8369.0,7509.0,8005.0,2129.0,1836.0,1885.0,11787.0,13138.0,11607.0,5353.0,4754.0,4503.0,1291.0,1140.0,1111.0,738.0,612.0,673.0,13036.0,11368.0,11485.0,5864.0,5929.0,6015.0,1246.0,1104.0,1091.0,578.0,577.0,616.0,13776.0,11242.0,11334.0,12863.0,11000.0,11119.0,11364.0,9760.0,11395.0,8944.0,8019.0,8604.0,13442.0,12956.0,13743.0,13752.0,11297.0,11343.0,4720.0,3675.0,3522.0,1178.0,1074.0,1005.0,12422.0,11307.0,11614.0,12398.0,10643.0,11691.0,12092.0,10049.0,10299.0,2949.0,3293.0,2790.0,16190.0,10792.0,12735.0,4521.0,3843.0,3446.0,882.0,753.0,764.0,616.0,396.0,485.0,3397.0,3895.0,3000.0,756.0,716.0,689.0,637.0,467.0,480.0,508.0,378.0,465.0,13040.0,10432.0,12223.0,2849.0,2350.0,2315.0,713.0,635.0,648.0,458.0,435.0,472.0,13845.0,11431.0,11890.0,12916.0,10494.0,11421.0,8280.0,6575.0,7506.0,1864.0,1533.0,1568.0,12865.0,14713.0,13104.0,6516.0,5802.0,6417.0,2449.0,2264.0,2389.0,1005.0,773.0,853.0,12696.0,11117.0,11353.0,3017.0,2956.0,3156.0,752.0,723.0,741.0,533.0,499.0,526.0
38,26.9,5313.292,12,17,14,16,18,18,14,11,17,14,24,17,20,18,19,13,18,20,16,15,14,18,13,10,23.0,23.0,18.0,18.0,14.0,16.0,12.0,16.0,17.0,17.0,19.0,17.0,18.0,14.0,17.0,16.0,17.0,15.0,12.0,12.0,15.0,20.0,21.0,18.0,14.0,17.0,18.0,19.0,16.0,22.0,16.0,17.0,16.0,16.0,19.0,17.0,22.0,13.0,17.0,14.0,16.0,20.0,10.0,18.0,15.0,13.0,14.0,17.0,19.0,17.0,12.0,17.0,14.0,15.0,14.0,13.0,17.0,15.0,25.0,12.0,22.0,17.0,19.0,14.0,23.0,19.0,18.0,19.0,16.0,11.0,15.0,18.0,528,441,471,554,427,474,357,399,399,359,427,485,479,532,565,608,517,498,550,521,562,601,614,593,523,470,473,459,460,473,465,505,480,474,454,543,477,473,457,569,411,440,434,393,447,503,491,484,501,495,569,596,458,541,542,498,591,1023,812,896,461,466,488,558,463,500,511,461,541,683,650,718,12914,11160,11595.0,11637,11113,11532.0,10405.0,8752.0,9247.0,2440.0,2118.0,2407.0,11742.0,14646.0,11297.0,4708.0,3867.0,4864.0,1201.0,1178.0,1197.0,753.0,628.0,645.0,12222.0,10248.0,11814.0,9233.0,7932.0,8026.0,1332.0,1416.0,1469.0,557.0,573.0,710.0,12810.0,11113.0,11393.0,12929.0,10250.0,10796.0,10405.0,9719.0,10936.0,8229.0,6620.0,7819.0,12803.0,15871.0,13774.0,11879.0,11431.0,11604.0,4016.0,3203.0,2931.0,913.0,840.0,798.0,12400.0,11471.0,12080.0,12188.0,11055.0,11587.0,10393.0,10370.0,10954.0,3546.0,3128.0,2838.0,13226.0,10767.0,11330.0,12705.0,10167.0,10655.0,8212.0,7740.0,7822.0,2197.0,1952.0,1958.0,11661.0,12915.0,11680.0,5597.0,4803.0,4679.0,1342.0,1140.0,1160.0,685.0,622.0,643.0,13115.0,11480.0,11864.0,6066.0,6214.0,6194.0,1306.0,1157.0,1114.0,499.0,572.0,586.0,13809.0,11199.0,11455.0,12872.0,10842.0,11129.0,11432.0,9835.0,10980.0,8957.0,7994.0,8918.0,13470.0,12863.0,13422.0,13921.0,11449.0,11355.0,4831.0,3835.0,3542.0,1228.0,1076.0,1052.0,12383.0,11287.0,11795.0,12553.0,10687.0,11415.0,12250.0,10405.0,10319.0,2974.0,3345.0,2937.0,16085.0,10839.0,12859.0,4444.0,3792.0,3792.0,877.0,766.0,805.0,623.0,488.0,488.0,3382.0,3853.0,3118.0,782.0,686.0,657.0,627.0,405.0,458.0,558.0,441.0,435.0,13118.0,10683.0,11929.0,2797.0,2426.0,2300.0,743.0,579.0,740.0,458.0,459.0,484.0,13867.0,11458.0,11365.0,12739.0,10441.0,11424.0,8154.0,6624.0,7519.0,1779.0,1461.0,1652.0,12788.0,14768.0,13062.0,6645.0,5920.0,6563.0,2514.0,2404.0,2368.0,997.0,827.0,836.0,12772.0,11153.0,11419.0,3066.0,3030.0,3132.0,732.0,740.0,763.0,514.0,498.0,501.0
39,26.9,5456.811,19,14,17,18,16,10,16,16,15,18,12,22,16,16,20,17,13,12,19,21,15,16,18,16,18.0,18.0,16.0,17.0,21.0,15.0,21.0,15.0,18.0,11.0,14.0,13.0,16.0,17.0,15.0,18.0,22.0,19.0,16.0,17.0,15.0,20.0,16.0,16.0,17.0,13.0,12.0,19.0,16.0,15.0,20.0,18.0,11.0,18.0,13.0,22.0,15.0,19.0,16.0,19.0,19.0,16.0,18.0,14.0,16.0,23.0,19.0,12.0,14.0,18.0,13.0,17.0,12.0,15.0,20.0,16.0,14.0,15.0,13.0,14.0,20.0,20.0,16.0,16.0,20.0,21.0,16.0,16.0,13.0,19.0,18.0,16.0,433,465,459,579,473,469,395,385,415,380,412,484,476,513,536,609,516,485,560,564,534,641,564,556,493,479,504,462,475,494,427,462,504,524,503,501,451,408,451,543,401,413,362,406,394,466,497,464,491,516,553,558,484,470,564,508,569,1001,788,919,440,480,517,534,480,432,499,506,537,619,691,712,12960,11092,11598.0,11511,11234,11406.0,10111.0,8780.0,9230.0,2387.0,2227.0,2398.0,11653.0,14582.0,11255.0,4783.0,4040.0,4993.0,1298.0,1247.0,1187.0,815.0,648.0,754.0,12132.0,10157.0,12005.0,9391.0,8133.0,8204.0,1370.0,1513.0,1397.0,523.0,602.0,680.0,12674.0,10866.0,11728.0,12858.0,10095.0,10702.0,10463.0,9657.0,10904.0,8390.0,6526.0,7811.0,12861.0,16086.0,13910.0,12009.0,11391.0,11307.0,4229.0,3371.0,3056.0,866.0,902.0,833.0,12660.0,11542.0,11919.0,12533.0,11292.0,11240.0,10514.0,10591.0,10925.0,3749.0,3281.0,3066.0,13382.0,10968.0,11280.0,12877.0,10073.0,10884.0,8530.0,7826.0,8135.0,2167.0,1907.0,1977.0,12024.0,13068.0,11847.0,5697.0,4801.0,4653.0,1374.0,1206.0,1097.0,709.0,657.0,650.0,13158.0,11370.0,11974.0,6311.0,6333.0,6320.0,1304.0,1170.0,1100.0,560.0,555.0,563.0,13540.0,10862.0,11294.0,12935.0,10984.0,10924.0,11320.0,9599.0,11130.0,9337.0,7851.0,8785.0,13321.0,12762.0,13536.0,13925.0,11425.0,11614.0,4870.0,3977.0,3667.0,1288.0,1114.0,1035.0,12364.0,11342.0,11592.0,12642.0,10977.0,11574.0,12690.0,10310.0,10376.0,3186.0,3442.0,3026.0,16208.0,10865.0,12699.0,4620.0,3803.0,3693.0,891.0,766.0,800.0,616.0,470.0,526.0,3375.0,3866.0,3201.0,849.0,721.0,669.0,574.0,427.0,429.0,549.0,435.0,509.0,13163.0,10482.0,12025.0,2818.0,2482.0,2411.0,753.0,667.0,664.0,435.0,463.0,526.0,13926.0,11389.0,11686.0,12871.0,10016.0,11271.0,8370.0,6853.0,7668.0,1690.0,1489.0,1603.0,12997.0,14445.0,13272.0,7003.0,6048.0,6534.0,2657.0,2438.0,2505.0,1036.0,807.0,852.0,12676.0,11193.0,11527.0,3179.0,3171.0,3368.0,715.0,727.0,776.0,553.0,514.0,468.0
40,26.9,5600.368,22,16,19,12,13,17,11,16,19,23,28,12,27,13,14,15,16,16,18,10,17,20,12,17,21.0,16.0,12.0,13.0,22.0,15.0,13.0,15.0,14.0,15.0,11.0,16.0,11.0,12.0,13.0,13.0,16.0,15.0,18.0,21.0,11.0,16.0,13.0,16.0,19.0,14.0,19.0,20.0,17.0,17.0,14.0,16.0,22.0,19.0,10.0,16.0,14.0,20.0,10.0,18.0,14.0,21.0,14.0,15.0,16.0,21.0,13.0,21.0,13.0,15.0,18.0,13.0,15.0,15.0,16.0,16.0,19.0,20.0,20.0,16.0,15.0,19.0,16.0,20.0,19.0,24.0,13.0,15.0,14.0,15.0,14.0,15.0,448,498,476,550,475,462,387,380,422,411,435,547,469,453,556,486,483,438,558,531,630,629,547,569,501,482,457,464,486,487,446,519,511,459,495,577,454,458,477,495,392,420,345,396,403,462,486,553,465,512,554,583,442,495,619,529,605,1076,809,891,488,459,512,538,459,518,553,490,504,670,680,775,12766,11103,11482.0,11459,11214,11425.0,10222.0,8590.0,9374.0,2412.0,2308.0,2417.0,11703.0,14809.0,11328.0,4862.0,4116.0,4997.0,1234.0,1276.0,1123.0,870.0,561.0,702.0,12079.0,10080.0,11922.0,9567.0,8192.0,8076.0,1451.0,1466.0,1498.0,546.0,609.0,689.0,12731.0,11266.0,11636.0,12877.0,10064.0,10338.0,10263.0,9755.0,10873.0,8482.0,6716.0,8001.0,12904.0,15882.0,13924.0,12048.0,11607.0,11609.0,4053.0,3512.0,3143.0,953.0,916.0,848.0,12276.0,11748.0,11954.0,12235.0,10853.0,11418.0,10287.0,10538.0,11212.0,3766.0,3353.0,3139.0,13432.0,10517.0,11355.0,12868.0,10553.0,10599.0,8504.0,7770.0,8256.0,2220.0,1922.0,2087.0,11751.0,13317.0,11804.0,5824.0,4928.0,4807.0,1333.0,1186.0,1233.0,754.0,640.0,644.0,13162.0,11519.0,11729.0,6438.0,6427.0,6533.0,1372.0,1154.0,1238.0,595.0,576.0,567.0,13657.0,11071.0,11345.0,12713.0,10847.0,11280.0,11253.0,9806.0,11004.0,9308.0,7960.0,9003.0,13232.0,12971.0,13750.0,13960.0,11458.0,11662.0,4993.0,4098.0,3823.0,1201.0,1008.0,1026.0,12235.0,11035.0,11696.0,12388.0,10742.0,11270.0,12553.0,10321.0,10762.0,3165.0,3423.0,3067.0,15821.0,10831.0,12674.0,4579.0,3939.0,3845.0,950.0,818.0,844.0,594.0,388.0,483.0,3491.0,3989.0,3200.0,826.0,685.0,675.0,631.0,450.0,484.0,598.0,416.0,485.0,13447.0,10518.0,12346.0,2872.0,2533.0,2474.0,756.0,649.0,670.0,478.0,466.0,534.0,13985.0,11199.0,11751.0,13058.0,10266.0,11159.0,8529.0,6916.0,7674.0,1854.0,1532.0,1764.0,12734.0,14412.0,13149.0,7002.0,6148.0,6765.0,2582.0,2412.0,2485.0,1063.0,787.0,890.0,12710.0,11206.0,11515.0,3264.0,3216.0,3328.0,774.0,709.0,761.0,527.0,483.0,489.0
41,26.9,5743.958,14,15,17,18,15,15,19,17,14,16,19,20,12,16,18,16,18,17,18,16,19,19,19,16,23.0,24.0,20.0,14.0,19.0,19.0,11.0,18.0,20.0,17.0,19.0,18.0,19.0,18.0,22.0,14.0,19.0,25.0,20.0,14.0,14.0,12.0,16.0,10.0,16.0,18.0,25.0,19.0,23.0,14.0,12.0,21.0,20.0,21.0,15.0,22.0,18.0,20.0,14.0,24.0,17.0,20.0,21.0,11.0,19.0,15.0,16.0,16.0,26.0,17.0,11.0,21.0,15.0,18.0,20.0,19.0,14.0,18.0,14.0,18.0,12.0,16.0,19.0,22.0,21.0,22.0,14.0,21.0,13.0,23.0,12.0,10.0,450,526,412,550,468,483,395,409,502,378,411,476,445,481,534,455,505,468,539,567,542,627,600,584,511,486,517,443,461,497,426,495,509,483,497,511,397,445,483,526,438,415,424,393,478,541,526,501,517,499,523,639,468,480,561,547,582,1068,833,877,473,492,499,569,489,538,561,468,537,708,679,789,12914,11067,11588.0,11471,11110,11540.0,10379.0,9006.0,9303.0,2406.0,2297.0,2448.0,11894.0,14779.0,11354.0,4925.0,4301.0,5106.0,1197.0,1319.0,1217.0,825.0,579.0,680.0,12201.0,9976.0,11818.0,9747.0,8338.0,8475.0,1483.0,1499.0,1583.0,617.0,606.0,657.0,12626.0,10935.0,11364.0,12807.0,10104.0,10737.0,10441.0,9590.0,10846.0,8383.0,6608.0,8097.0,12672.0,15937.0,13624.0,11915.0,11606.0,11643.0,4235.0,3429.0,3246.0,916.0,895.0,881.0,12493.0,11449.0,11804.0,12320.0,10674.0,11418.0,10498.0,10674.0,11164.0,3876.0,3544.0,3218.0,13532.0,10816.0,11294.0,12783.0,10361.0,10759.0,8581.0,8058.0,8190.0,2277.0,2031.0,2105.0,11899.0,13250.0,11815.0,5834.0,4956.0,4809.0,1393.0,1166.0,1243.0,762.0,669.0,718.0,12950.0,11328.0,11767.0,6491.0,6485.0,6702.0,1353.0,1179.0,1206.0,546.0,589.0,637.0,13593.0,10915.0,11556.0,12921.0,10615.0,11342.0,11172.0,9743.0,10915.0,9370.0,8243.0,9005.0,13230.0,12726.0,13612.0,14103.0,11485.0,11733.0,4968.0,4250.0,3826.0,1308.0,1122.0,1058.0,12309.0,11011.0,11654.0,12693.0,10896.0,11362.0,12532.0,10558.0,10820.0,3357.0,3656.0,3229.0,16156.0,10633.0,12818.0,4577.0,3922.0,3769.0,931.0,804.0,792.0,632.0,497.0,528.0,3304.0,3971.0,3162.0,811.0,720.0,706.0,638.0,430.0,444.0,540.0,398.0,511.0,13427.0,10580.0,12147.0,2997.0,2563.0,2399.0,676.0,648.0,731.0,481.0,404.0,570.0,13932.0,11597.0,11598.0,12814.0,10359.0,11472.0,8485.0,7063.0,7865.0,1882.0,1576.0,1706.0,12705.0,14661.0,13161.0,6988.0,6320.0,6882.0,2605.0,2553.0,2611.0,1058.0,835.0,844.0,12756.0,11245.0,11672.0,3272.0,3381.0,3338.0,665.0,711.0,784.0,534.0,515.0,516.0
42,26.8,5887.497,14,19,17,23,21,11,21,15,15,17,16,20,20,21,17,24,14,18,17,15,16,20,17,17,13.0,19.0,18.0,19.0,22.0,17.0,20.0,22.0,26.0,16.0,23.0,15.0,20.0,14.0,11.0,18.0,13.0,15.0,15.0,18.0,20.0,19.0,26.0,18.0,17.0,13.0,14.0,16.0,23.0,19.0,14.0,19.0,16.0,20.0,19.0,21.0,17.0,21.0,14.0,10.0,19.0,19.0,16.0,18.0,21.0,13.0,21.0,22.0,12.0,12.0,15.0,23.0,17.0,21.0,14.0,14.0,16.0,17.0,15.0,13.0,15.0,15.0,16.0,17.0,20.0,17.0,18.0,13.0,17.0,15.0,14.0,17.0,501,509,436,552,477,488,363,416,480,408,430,525,471,482,548,518,480,532,558,544,579,627,540,559,515,461,466,446,464,465,450,447,509,484,476,604,453,409,470,488,400,464,357,347,423,497,476,526,541,488,523,596,484,491,581,528,621,1009,845,899,476,480,507,549,450,539,518,473,534,627,749,740,12611,11043,11484.0,11306,10966,11605.0,10518.0,8926.0,9511.0,2480.0,2369.0,2495.0,11690.0,14477.0,11447.0,5040.0,4333.0,5170.0,1261.0,1330.0,1187.0,745.0,622.0,732.0,12186.0,9959.0,11595.0,10037.0,8644.0,8624.0,1601.0,1520.0,1535.0,640.0,671.0,683.0,12592.0,11151.0,11177.0,12820.0,10128.0,10671.0,10337.0,9634.0,10668.0,8567.0,6773.0,8086.0,12660.0,15987.0,13884.0,12065.0,11550.0,11495.0,4439.0,3560.0,3350.0,881.0,923.0,862.0,12173.0,11330.0,12139.0,12101.0,10914.0,11400.0,10648.0,10669.0,11225.0,3972.0,3467.0,3386.0,13238.0,10819.0,11440.0,12866.0,10568.0,10612.0,8704.0,7898.0,8350.0,2352.0,1929.0,2025.0,12131.0,13377.0,11935.0,6010.0,5175.0,5053.0,1405.0,1272.0,1240.0,757.0,686.0,664.0,12898.0,11430.0,11805.0,6691.0,6686.0,6928.0,1387.0,1239.0,1249.0,555.0,614.0,576.0,13404.0,11050.0,11189.0,12718.0,10733.0,11149.0,11137.0,9612.0,10814.0,9589.0,8101.0,9099.0,13297.0,12714.0,13515.0,13957.0,11534.0,11928.0,5166.0,4280.0,3734.0,1283.0,1072.0,1072.0,12381.0,10913.0,11740.0,12610.0,10573.0,11296.0,12998.0,10528.0,10815.0,3478.0,3825.0,3289.0,15821.0,10687.0,12386.0,4581.0,4216.0,3919.0,929.0,840.0,780.0,648.0,428.0,536.0,3551.0,4126.0,3131.0,861.0,697.0,705.0,666.0,478.0,420.0,486.0,390.0,475.0,13777.0,10748.0,12213.0,3014.0,2627.0,2427.0,747.0,635.0,641.0,446.0,440.0,561.0,13784.0,11426.0,11585.0,12818.0,10311.0,11145.0,8851.0,7067.0,7897.0,1802.0,1660.0,1697.0,12636.0,14595.0,12979.0,7042.0,6414.0,7070.0,2693.0,2619.0,2704.0,1061.0,896.0,889.0,12448.0,11261.0,11633.0,3379.0,3458.0,3463.0,724.0,745.0,739.0,523.0,494.0,480.0
43,27.0,6031.059,19,11,16,20,12,14,21,19,19,16,15,14,17,13,13,15,15,20,15,12,16,16,23,15,,,,,,,,,,,,,,,,,,,,,,,,,,,,,,,,,,,,,,,,,,,,,,,,,,,,,,,,,,,,,,,,,,,,,,,,,487,481,464,538,465,467,375,410,448,373,385,484,439,489,509,447,487,514,580,546,542,593,549,542,466,492,484,461,417,447,489,457,517,474,506,522,531,389,449,558,411,440,368,348,439,484,416,463,473,496,523,652,451,539,532,493,555,1014,822,897,464,471,475,501,419,465,521,505,539,707,691,693,12313,11081,,11205,10907,,,,,,,,,,,,,,,,,,,,,,,,,,,,,,,,,,,,,,,,,,,,,,,,,,,,,,,,,,,,,,,,,,,,,,,,,,,,,,,,,,,,,,,,,,,,,,,,,,,,,,,,,,,,,,,,,,,,,,,,,,,,,,,,,,,,,,,,,,,,,,,,,,,,,,,,,,,,,,,,,,,,,,,,,,,,,,,,,,,,,,,,,,,,,,,,,,,,,,,,,,,,,,,,,,,
